year,julian,low_soil_min,low_soil_max,high_soil_min,high_soil_max
2006,318,23.954,26.842,17.724,19.318
2006,319,24.75,27.53,18.794,20.126
2006,320,24.944,27.333,18.319,19.841
2006,321,23.954,25.963,17.653,18.794
2006,322,24.002,25.598,17.677,18.033
2006,323,23.641,24.75,17.249,17.701
2006,324,22.992,24.074,16.892,17.32
2006,325,22.776,24.484,16.796,17.225
2006,326,22.92,25.186,16.892,17.605
2006,327,23.497,25.695,17.344,18.081
2006,328,23.232,25.72,17.296,18.033
2006,329,23.376,25.477,17.368,18.01
2006,330,23.424,25.671,17.225,18.129
2006,331,23.593,25.768,17.368,18.105
2006,332,23.857,25.841,17.558,18.343
2006,333,24.122,26.793,17.915,18.889
2006,334,24.291,27.21,17.463,19.127
2006,335,25.089,27.677,18.2,19.651
2006,336,25.841,26.916,19.199,20.15
2006,337,25.065,26.158,19.651,20.507
2006,338,25.113,26.329,19.532,20.579
2006,339,25.137,25.793,19.579,20.317
2006,340,24.267,25.016,19.127,19.532
2006,341,23.689,24.484,18.533,28.097
2006,342,23.352,24.291,18.081,18.652
2006,343,23.4,25.21,18.105,18.771
2006,344,23.905,24.557,18.01,18.937
2006,345,23.472,24.557,17.962,18.961
2006,346,23.232,25.065,18.152,19.175
2006,347,22.824,25.186,18.152,19.08
2006,348,23.016,25.453,18.366,19.175
2006,349,22.968,25.963,18.438,19.27
2006,350,22.609,25.817,18.39,19.484
2006,351,22.106,25.987,18.224,19.746
2006,352,22.968,26.329,18.842,19.484
2006,353,22.633,26.061,18.652,19.413
2006,354,21.939,25.817,18.129,19.008
2006,355,22.082,25.647,18.033,18.794
2006,356,22.441,25.453,18.01,18.628
2006,357,22.513,25.647,18.057,18.889
2006,358,22.202,25.453,18.057,19.127
2006,359,22.393,26.134,18.414,19.77
2006,360,22.585,27.014,18.866,20.412
2006,361,23.665,26.646,19.484,20.174
2006,362,23.689,26.109,18.913,20.126
2006,363,23.857,25.695,19.103,19.888
2006,364,23.833,25.963,19.341,20.103
2006,365,23.785,26.549,19.222,20.222
2007,1,24.098,27.431,19.222,20.698
2007,2,24.098,26.891,19.389,20.507
2007,3,24.195,27.186,19.555,20.388
2007,4,24.412,27.481,19.365,20.507
2007,5,24.291,27.161,19.508,20.507
2007,6,24.122,26.598,19.27,20.365
2007,7,23.737,26.451,19.127,20.15
2007,8,23.112,27.259,19.08,20.531
2007,9,23.497,27.85,19.77,21.103
2007,10,24.291,28.27,20.603,21.461
2007,11,24.895,28.444,20.674,21.437
2007,12,24.944,27.825,20.174,21.246
2007,13,23.376,27.677,19.793,20.984
2007,14,23.641,27.924,20.055,20.984
2007,15,23.954,27.949,20.007,20.722
2007,16,23.665,27.924,19.746,20.317
2007,17,23.448,27.087,19.532,20.15
2007,18,23.497,26.329,19.318,20.103
2007,19,23.569,26.695,19.341,20.317
2007,20,23.424,27.235,19.722,20.484
2007,21,23.809,26.598,19.651,20.627
2007,22,23.905,26.842,20.079,20.722
2007,23,24.026,27.259,20.15,21.008
2007,24,24.436,27.456,20.531,21.461
2007,25,24.992,27.382,20.817,21.652
2007,26,24.532,27.825,20.746,21.581
2007,27,24.629,27.333,20.603,21.628
2007,28,24.267,27.382,20.841,21.628
2007,29,24.098,26.94,20.793,21.461
2007,30,24.629,26.036,20.46,21.175
2007,31,24.677,26.256,20.365,21.27
2007,32,24.823,26.256,20.103,21.39
2007,33,24.944,26.304,20.65,21.652
2007,34,24.847,26.793,20.317,21.557
2007,35,24.581,26.378,19.817,21.342
2007,36,24.436,25.55,19.603,20.817
2007,37,23.954,24.944,19.365,20.46
2007,38,23.232,24.944,19.127,20.174
2007,39,23.665,24.46,18.438,19.912
2007,40,23.424,26.036,18.699,20.198
2007,41,23.112,26.646,19.436,20.746
2007,42,23.761,26.989,19.936,21.437
2007,43,24.291,27.382,20.436,21.652
2007,44,24.726,27.431,20.555,21.437
2007,45,24.629,27.112,20.484,21.413
2007,46,24.629,26.5,20.031,21.079
2007,47,24.436,26.573,20.079,20.865
2007,48,24.557,26.231,20.198,20.746
2007,49,24.532,25.841,20.15,20.507
2007,50,24.122,25.137,19.817,20.269
2007,51,23.785,24.557,19.484,19.865
2007,52,23.689,24.605,19.294,20.079
2007,53,23.785,25.695,19.555,20.031
2007,54,24.098,25.355,19.793,20.103
2007,55,24.195,24.919,19.698,20.293
2007,56,23.761,25.258,19.508,20.198
2007,57,23.809,25.38,19.627,20.341
2007,58,23.737,26.061,19.413,20.222
2007,59,24.315,26.256,19.936,20.889
2007,60,24.629,26.207,20.341,21.246
2007,61,23.689,26.549,19.936,21.127
2007,62,23.881,27.284,20.388,21.676
2007,63,24.243,27.235,20.579,21.509
2007,64,24.388,27.186,20.484,21.27
2007,65,23.954,26.378,20.293,21.366
2007,66,24.557,26.989,20.388,20.936
2007,67,24.532,26.28,20.412,20.841
2007,68,24.05,26.28,20.269,21.008
2007,69,23.4,26.256,19.841,20.984
2007,70,24.508,26.231,20.103,21.175
2007,71,23.785,27.382,20.627,21.867
2007,72,24.557,27.284,21.103,21.891
2007,73,24.871,26.695,20.77,21.652
2007,74,24.339,26.231,20.079,20.96
2007,75,23.569,24.847,19.888,20.555
2007,76,23.881,24.798,19.674,20.15
2007,77,23.424,24.798,19.436,19.888
2007,78,23.232,25.404,19.08,19.77
2007,79,24.002,25.404,19.532,20.079
2007,80,24.557,25.72,20.031,20.436
2007,81,24.195,25.453,20.15,20.793
2007,82,23.665,25.283,19.603,20.365
2007,83,23.472,25.089,19.08,20.031
2007,84,22.537,25.695,19.151,19.984
2007,85,22.968,25.137,19.365,19.841
2007,86,22.896,25.501,19.341,20.031
2007,87,23.136,25.866,19.294,20.126
2007,88,22.848,25.89,18.961,19.984
2007,89,21.987,25.55,18.604,20.055
2007,90,21.604,25.331,18.485,19.77
2007,91,22.465,24.653,18.319,19.698
2007,92,23.088,24.074,18.105,19.27
2007,93,22.585,24.074,18.366,19.08
2007,94,22.705,24.412,18.295,18.985
2007,95,22.657,24.605,18.343,19.032
2007,96,22.226,23.93,18.152,18.913
2007,97,22.274,23.833,17.867,18.747
2007,98,22.274,23.641,17.819,18.461
2007,99,21.987,23.569,17.201,18.271
2007,100,22.178,23.376,17.106,18.01
2007,101,21.867,23.28,17.106,17.915
2007,102,21.963,23.136,17.106,17.653
2007,103,22.106,23.256,17.082,17.629
2007,104,22.082,23.641,17.201,17.629
2007,105,22.011,23.136,16.915,17.629
2007,106,22.082,23.016,17.082,17.772
2007,107,21.795,23.088,17.082,18.152
2007,108,21.079,23.448,16.749,17.843
2007,109,20.793,23.448,16.701,17.796
2007,110,21.175,23.593,17.034,18.057
2007,111,20.627,23.472,16.582,18.247
2007,112,20.746,23.256,16.677,18.224
2007,113,21.175,23.376,17.082,18.033
2007,114,20.913,23.304,17.201,18.081
2007,115,21.223,23.424,17.225,18.152
2007,116,21.127,23.4,17.225,18.129
2007,117,21.008,23.184,16.892,18.176
2007,118,20.77,23.352,16.796,18.461
2007,119,20.507,23.881,16.963,18.985
2007,120,21.294,24.605,17.677,19.222
2007,121,21.939,24.774,17.938,19.103
2007,122,22.489,24.243,18.224,19.008
2007,123,21.795,24.195,17.32,18.747
2007,124,20.507,23.497,16.32,18.224
2007,125,20.174,22.92,16.534,18.271
2007,126,21.127,22.92,17.13,18.033
2007,127,21.032,22.872,17.106,17.772
2007,128,21.748,23.16,17.32,18.033
2007,129,21.939,22.944,17.463,17.962
2007,130,21.461,22.848,17.034,17.891
2007,131,21.724,22.968,17.011,17.677
2007,132,21.7,22.633,17.058,17.558
2007,133,21.628,22.872,17.011,17.653
2007,134,21.581,23.016,17.106,17.582
2007,135,21.39,23.04,17.13,17.701
2007,136,21.032,22.824,16.749,17.772
2007,137,21.366,22.609,16.796,17.677
2007,138,21.557,22.968,17.13,17.843
2007,139,21.366,23.088,17.011,18.129
2007,140,20.889,22.992,16.606,18.129
2007,141,21.366,23.232,17.153,18.461
2007,142,22.369,23.497,17.653,18.438
2007,143,21.963,23.088,17.605,18.247
2007,144,22.393,22.92,17.819,18.414
2007,145,21.604,22.92,17.13,18.39
2007,146,21.079,22.489,16.749,17.677
2007,147,22.011,22.417,17.272,17.772
2007,148,21.748,22.705,17.034,17.748
2007,149,22.011,22.896,17.225,17.701
2007,150,21.748,22.872,17.034,17.701
2007,151,21.39,22.537,16.749,17.463
2007,152,21.294,22.154,16.63,17.249
2007,153,21.413,22.657,16.606,17.439
2007,154,21.748,23.04,17.082,17.796
2007,155,22.321,23.328,17.558,18.295
2007,156,22.393,23.304,17.748,18.295
2007,157,22.633,23.617,16.892,18.557
2007,158,21.461,23.016,15.055,18.414
2007,159,19.484,21.509,12.799,16.749
2007,160,17.653,19.555,11.953,14.721
2007,161,16.82,18.889,12.098,14.026
2007,162,17.344,19.603,12.727,14.625
2007,163,18.58,20.365,13.666,14.936
2007,164,18.557,20.484,13.906,15.223
2007,165,19.318,21.103,14.002,15.748
2007,166,19.532,21.413,13.858,16.082
2007,167,19.936,21.7,14.96,16.463
2007,168,20.555,21.939,14.84,16.868
2007,169,20.055,21.795,13.594,16.868
2007,170,19.984,21.819,14.002,16.868
2007,171,19.056,21.652,12.364,16.796
2007,172,18.319,19.746,12.171,15.39
2007,173,18.461,20.198,13.161,15.27
2007,174,18.842,20.889,13.257,15.485
2007,175,19.222,21.127,13.786,15.724
2007,176,19.746,21.652,14.17,16.463
2007,177,19.46,21.413,13.401,16.32
2007,178,18.319,20.603,11.565,15.485
2007,179,16.915,18.794,10.443,13.329
2007,180,15.724,17.819,10.369,12.461
2007,181,15.27,17.605,10.663,12.727
2007,182,15.557,17.986,11.078,12.944
2007,183,15.629,18.557,11.394,13.401
2007,184,16.249,18.747,11.856,13.425
2007,185,16.32,18.699,12.025,13.401
2007,186,16.415,19.008,12.171,13.449
2007,187,16.654,18.699,11.953,13.305
2007,188,16.058,18.271,11.613,12.847
2007,189,15.676,18.105,11.151,12.654
2007,190,15.438,17.272,10.614,12.243
2007,191,14.721,16.939,10.001,11.807
2007,192,14.577,17.415,10.075,12.147
2007,193,15.819,17.938,11.321,12.727
2007,194,16.463,18.699,11.467,12.823
2007,195,15.724,18.224,11.127,12.485
2007,196,15.438,18.176,10.98,12.413
2007,197,15.7,18.438,11.346,12.944
2007,198,16.368,18.985,11.904,13.497
2007,199,16.534,19.127,12.292,13.594
2007,200,16.439,18.414,11.929,13.161
2007,201,16.153,17.51,10.736,12.606
2007,202,15.724,17.463,10.149,12.195
2007,203,16.153,18.509,10.858,12.751
2007,204,16.868,18.937,11.856,13.257
2007,205,17.772,19.222,12.195,13.642
2007,206,18.247,19.888,12.703,14.074
2007,207,18.509,20.126,13.088,14.29
2007,208,18.533,20.365,13.377,14.361
2007,209,18.961,20.317,13.93,14.505
2007,210,18.2,20.103,13.161,14.314
2007,211,17.368,19.579,12.896,14.026
2007,212,16.725,18.961,12.025,13.714
2007,213,17.153,19.127,12.968,13.858
2007,214,17.867,19.222,13.449,14.266
2007,215,18.699,19.912,13.69,14.745
2007,216,17.986,20.15,13.93,15.079
2007,217,17.915,19.722,13.112,15.008
2007,218,17.296,18.985,12.147,14.29
2007,219,16.272,18.247,11.832,13.137
2007,220,17.201,18.985,12.654,13.93
2007,221,17.938,19.674,13.329,14.529
2007,222,18.414,20.126,12.968,14.936
2007,223,18.58,20.222,13.93,15.27
2007,224,18.557,20.793,14.026,15.652
2007,225,18.794,20.984,14.29,15.819
2007,226,19.294,20.698,14.553,15.581
2007,227,19.603,20.603,14.84,15.986
2007,228,19.96,20.865,15.031,15.939
2007,229,20.15,20.865,15.127,15.796
2007,230,19.651,20.841,14.745,15.533
2007,231,19.984,20.865,14.745,15.939
2007,232,19.77,21.056,14.194,16.415
2007,233,19.508,20.46,13.449,15.915
2007,234,18.675,20.603,13.305,15.986
2007,235,18.628,20.365,13.738,15.843
2007,236,19.103,20.936,13.834,16.177
2007,237,19.08,20.627,14.002,16.01
2007,238,18.366,20.103,14.218,15.676
2007,239,18.557,20.15,14.457,15.533
2007,240,19.222,20.198,14.146,15.151
2007,241,19.318,20.222,14.074,14.936
2007,242,19.27,20.246,0.13101,14.84
2007,243,19.389,20.65,14.218,15.461
2007,244,19.389,20.674,14.17,15.414
2007,245,19.365,20.555,13.978,15.318
2007,246,19.318,20.65,14.457,15.557
2007,247,19.127,20.579,14.505,15.796
2007,248,19.698,20.603,14.505,15.986
2007,249,19.508,20.722,14.553,15.986
2007,250,19.318,20.746,13.978,15.819
2007,251,19.008,20.627,13.882,15.676
2007,252,18.937,20.293,14.314,15.652
2007,253,19.318,20.674,14.505,15.796
2007,254,19.793,21.103,14.457,16.344
2007,255,17.986,20.913,14.266,15.915
2007,256,17.796,20.936,14.457,15.867
2007,257,18.129,20.627,14.266,15.509
2007,258,18.319,20.436,13.642,15.724
2007,259,18.105,20.817,13.858,16.439
2007,260,17.415,21.103,14.218,16.915
2007,261,17.605,21.199,14.888,17.034
2007,262,17.558,21.461,14.888,16.892
2007,263,18.224,21.748,14.936,16.987
2007,264,16.915,21.509,14.481,17.082
2007,265,17.32,21.509,14.912,16.796
2007,266,19.127,21.39,15.581,16.892
2007,267,20.079,21.318,15.796,16.796
2007,268,19.77,21.533,15.318,16.82
2007,269,19.27,21.413,14.96,16.606
2007,270,18.105,21.509,14.601,16.415
2007,271,18.414,21.652,14.816,16.773
2007,272,19.294,21.963,15.485,17.011
2007,273,19.603,21.987,15.629,16.892
2007,274,19.841,21.39,15.581,16.606
2007,275,20.603,21.127,15.031,16.463
2007,276,20.436,21.772,15.509,17.296
2007,277,20.889,22.705,16.177,17.915
2007,278,20.031,22.753,16.225,17.629
2007,279,20.293,22.896,16.415,17.962
2007,280,20.246,22.872,16.368,17.796
2007,281,19.841,22.968,16.32,17.986
2007,282,20.46,23.545,16.177,18.557
2007,283,21.175,23.93,17.13,19.08
2007,284,21.748,24.339,17.724,19.627
2007,285,21.987,24.122,18.176,19.936
2007,286,22.082,24.171,17.701,19.651
2007,287,20.96,22.92,17.225,18.604
2007,288,20.746,21.915,16.582,17.629
2007,289,20.412,21.963,16.272,17.463
2007,290,20.079,21.963,16.01,17.439
2007,291,20.126,21.652,16.201,16.987
2007,292,20.531,21.795,16.177,16.939
2007,293,20.079,21.628,15.772,16.749
2007,294,20.555,21.581,15.891,16.534
2007,295,20.555,21.915,15.963,17.082
2007,296,20.698,22.321,16.249,17.724
2007,297,20.603,22.609,16.415,18.39
2007,298,20.341,22.992,16.511,18.699
2007,299,20.793,23.376,17.106,19.413
2007,300,21.819,23.905,17.796,19.436
2007,301,22.513,24.508,18.461,19.793
2007,302,23.064,24.726,18.652,20.031
2007,303,22.609,24.557,18.2,19.603
2007,304,22.369,23.905,17.819,19.151
2007,305,22.202,23.833,17.486,18.652
2007,306,21.652,23.713,17.177,18.842
2007,307,21.963,23.93,17.344,18.937
2007,308,21.485,24.05,17.082,19.341
2007,309,20.507,24.339,16.82,19.508
2007,310,20.746,24.363,17.225,19.246
2007,311,22.369,24.581,17.819,19.27
2007,312,21.987,24.146,17.891,19.294
2007,313,22.753,24.219,18.343,19.603
2007,314,22.92,24.412,18.39,19.77
2007,315,23.497,24.146,18.723,19.532
2007,316,23.328,24.171,18.533,19.341
2007,317,22.848,23.737,18.033,18.794
2007,318,22.489,23.112,17.724,18.438
2007,319,22.154,23.088,17.582,18.247
2007,320,22.465,23.184,17.796,18.58
2007,321,22.681,23.376,18.129,18.675
2007,322,22.729,23.545,18.224,18.652
2007,323,22.896,23.857,18.152,18.842
2007,324,22.657,23.689,17.938,18.699
2007,325,22.705,23.593,17.867,18.699
2007,326,21.7,23.545,17.368,19.151
2007,327,21.819,24.05,17.249,19.389
2007,328,21.987,24.412,17.582,19.318
2007,329,22.226,24.605,17.867,19.532
2007,330,22.393,24.557,18.295,19.365
2007,331,21.963,24.267,17.772,19.318
2007,332,22.369,23.93,18.057,19.246
2007,333,22.848,24.195,18.461,19.651
2007,334,22.585,25.016,18.2,20.269
2007,335,22.705,25.525,18.485,20.531
2007,336,22.824,25.623,19.08,20.722
2007,337,24.05,25.38,19.103,21.056
2007,338,23.28,24.968,18.818,20.722
2007,339,23.665,24.992,19.341,20.817
2007,340,23.809,25.21,19.627,20.984
2007,341,24.267,25.38,19.579,20.793
2007,342,23.545,25.307,19.103,20.746
2007,343,23.761,25.331,19.056,20.889
2007,344,23.424,24.992,18.818,20.555
2007,345,23.4,24.992,19.08,20.579
2007,346,23.04,24.774,18.818,20.269
2007,347,22.848,24.436,18.604,20.031
2007,348,23.328,24.702,18.771,20.079
2007,349,23.785,24.677,18.913,20.103
2007,350,23.689,24.436,19.008,20.317
2007,351,23.521,25.065,19.008,20.793
2007,352,23.521,25.21,19.056,20.698
2007,353,23.617,25.016,18.961,20.555
2007,354,23.954,25.162,19.151,20.841
2007,355,24.243,25.38,19.508,20.746
2007,356,24.243,25.55,19.603,21.27
2007,357,24.412,25.987,20.007,21.509
2007,358,24.195,26.158,19.888,21.748
2007,359,24.677,25.744,19.96,21.175
2007,360,23.569,25.258,19.817,20.793
2007,361,23.761,25.065,19.746,20.865
2007,362,24.195,25.453,19.77,20.698
2007,363,24.074,24.871,19.175,20.436
2007,364,23.857,24.484,19.365,20.126
2007,365,23.256,24.557,18.913,20.246
2008,1,22.561,24.75,18.723,20.746
2008,2,22.944,25.186,19.27,20.936
2008,3,23.136,25.283,19.27,21.223
2008,4,23.424,25.598,19.365,20.984
2008,5,23.521,25.404,19.246,20.984
2008,6,24.171,25.453,19.793,20.746
2008,7,24.339,25.307,20.126,21.223
2008,8,24.388,25.453,20.412,21.294
2008,9,24.436,25.647,20.317,21.27
2008,10,24.557,25.647,20.15,21.175
2008,11,24.581,25.744,20.65,21.413
2008,12,24.581,25.89,20.531,21.604
2008,13,24.629,25.623,20.436,21.413
2008,14,24.508,25.744,20.222,20.913
2008,15,24.46,25.866,20.317,20.841
2008,16,25.016,26.353,20.436,21.628
2008,17,25.234,26.524,20.484,21.891
2008,18,25.186,26.94,20.793,22.058
2008,19,25.671,26.744,20.698,22.106
2008,20,25.38,26.622,20.817,21.867
2008,21,25.016,26.451,20.079,21.867
2008,22,25.065,26.231,20.507,21.461
2008,23,24.629,25.695,19.912,21.199
2008,24,24.243,25.186,19.722,20.936
2008,25,24.074,24.871,19.627,20.817
2008,26,23.881,25.21,19.341,21.079
2008,27,22.992,25.186,18.985,20.984
2008,28,23.761,25.258,19.436,21.103
2008,29,24.195,25.04,19.722,21.127
2008,30,23.833,24.968,19.484,20.793
2008,31,23.569,24.677,19.341,20.555
2008,32,23.136,24.726,19.032,20.198
2008,33,23.088,24.677,19.127,20.436
2008,34,23.424,25.065,19.484,20.698
2008,35,23.954,25.453,19.817,20.936
2008,36,24.146,25.574,19.865,21.223
2008,37,24.75,25.55,20.317,21.7
2008,38,24.726,26.036,20.627,22.058
2008,39,25.016,25.866,20.579,21.843
2008,40,24.581,25.817,20.46,21.748
2008,41,24.171,25.137,20.15,21.366
2008,42,24.46,25.355,20.365,21.318
2008,43,24.726,25.89,20.317,21.676
2008,44,24.726,26.036,20.341,21.724
2008,45,24.992,26.231,20.65,21.843
2008,46,25.307,26.329,20.889,21.891
2008,47,24.992,26.085,20.412,21.652
2008,48,24.581,25.307,20.293,21.223
2008,49,24.484,25.453,20.174,20.77
2008,50,24.484,25.089,20.222,21.008
2008,51,24.436,24.992,20.341,21.103
2008,52,24.074,25.258,19.912,21.199
2008,53,23.978,25.307,19.651,20.96
2008,54,24.05,25.307,19.103,21.079
2008,55,23.833,25.016,18.937,20.96
2008,56,23.737,24.871,19.222,20.627
2008,57,23.905,24.968,19.674,20.65
2008,58,24.122,25.283,19.793,20.746
2008,59,24.243,24.968,19.96,20.531
2008,61,23.785,24.677,19.436,20.507
2008,62,22.417,24.339,19.08,20.365
2008,63,22.369,24.122,18.414,19.651
2008,64,22.465,23.472,18.39,19.246
2008,65,22.274,23.088,18.057,19.175
2008,66,22.25,23.184,17.629,19.27
2008,67,22.369,23.328,18.057,19.175
2008,68,22.417,23.617,17.796,18.961
2008,69,22.513,23.545,17.915,19.127
2008,70,22.633,23.617,18.01,19.27
2008,71,22.8,23.905,18.081,19.413
2008,72,23.04,24.05,18.247,19.508
2008,73,22.537,23.761,18.2,19.698
2008,74,22.154,24.291,18.557,20.126
2008,75,22.944,24.146,18.866,20.031
2008,76,22.872,23.954,18.533,19.508
2008,77,22.585,23.857,18.152,19.389
2008,78,22.417,24.171,18.271,19.651
2008,79,22.896,24.557,18.461,19.627
2008,80,22.729,24.363,18.461,19.651
2008,81,22.872,24.484,18.675,19.746
2008,82,23.232,24.532,18.818,19.651
2008,83,22.92,24.605,18.771,19.96
2008,84,23.304,24.484,19.032,19.96
2008,85,22.848,24.363,18.747,20.055
2008,86,23.088,24.291,18.604,20.079
2008,87,22.321,24.05,18.271,19.888
2008,88,22.944,24.219,18.628,20.031
2008,89,23.04,23.833,18.913,19.77
2008,90,22.729,24.002,18.747,19.365
2008,91,22.369,23.809,18.224,19.199
2008,92,22.178,23.4,17.772,19.008
2008,93,22.489,23.689,18.057,19.056
2008,94,22.681,23.713,18.247,19.127
2008,95,22.154,23.472,17.605,19.08
2008,96,21.294,22.657,17.201,18.747
2008,97,20.793,22.465,16.796,18.343
2008,98,21.294,22.489,16.939,18.247
2008,99,21.294,22.106,16.892,18.01
2008,100,20.913,22.154,16.463,17.843
2008,101,20.698,21.843,16.392,17.962
2008,102,20.388,21.748,16.058,17.938
2008,103,20.388,21.748,16.225,17.796
2008,104,20.484,22.034,16.511,17.605
2008,105,20.865,22.369,16.654,17.772
2008,106,20.889,22.513,16.844,17.843
2008,107,20.96,22.25,16.773,17.701
2008,108,21.008,22.154,16.344,17.486
2008,109,20.603,21.843,16.082,17.272
2008,110,20.317,21.843,15.891,17.249
2008,111,20.46,21.987,16.034,17.201
2008,112,20.722,22.154,16.296,17.415
2008,113,20.388,22.082,16.344,17.558
2008,114,20.246,21.891,15.915,17.629
2008,115,20.269,21.867,15.652,17.51
2008,116,19.793,21.461,15.772,17.415
2008,117,20.079,21.628,15.676,17.368
2008,118,20.317,21.652,15.986,17.701
2008,119,19.199,21.509,15.629,17.534
2008,120,19.032,21.151,15.772,17.225
2008,121,19.603,21.103,15.986,17.225
2008,122,20.746,21.461,16.034,16.987
2008,123,20.841,21.652,16.63,16.939
2008,127,20.507,21.366,16.034,16.844
2008,128,19.793,20.913,15.175,16.534
2008,129,19.008,20.484,14.936,16.272
2008,130,18.818,20.65,14.864,16.034
2008,131,19.151,20.984,15.103,16.344
2008,132,19.627,21.39,15.414,16.511
2008,133,19.532,21.318,15.294,16.677
2008,134,19.532,21.127,15.103,16.487
2008,135,19.912,21.366,15.27,16.439
2008,136,19.841,21.223,15.366,16.368
2008,137,19.841,21.437,15.366,16.749
2008,138,20.198,21.461,15.438,16.773
2008,139,19.365,21.032,14.457,16.32
2008,140,18.438,20.126,13.353,15.485
2008,141,17.344,19.508,12.847,14.864
2008,142,17.486,19.841,12.92,14.864
2008,143,17.415,19.841,13.257,14.984
2008,144,18.604,19.722,14.074,15.247
2008,145,18.866,20.46,14.266,15.605
2008,146,19.151,22.034,14.553,15.652
2008,147,19.341,20.984,14.553,15.605
2008,148,19.151,20.412,14.385,15.509
2008,149,19.103,20.555,14.361,15.509
2008,150,18.961,20.46,14.433,15.318
2008,151,18.176,19.746,13.497,14.697
2008,152,17.415,19.08,12.63,13.93
2008,153,17.629,19.032,12.944,14.17
2008,154,17.653,19.698,13.425,15.055
2008,155,18.129,20.126,13.906,15.939
2008,156,19.294,20.889,14.936,16.654
2008,157,20.293,21.604,15.676,17.034
2008,158,20.436,21.843,16.01,16.868
2008,159,20.365,21.509,15.867,16.415
2008,160,19.793,21.223,15.485,16.153
2008,161,20.055,25.987,15.485,16.177
2008,162,20.055,21.366,15.318,16.034
2008,163,20.15,28.419,15.366,16.225
2008,164,20.46,21.533,15.079,16.153
2008,165,19.817,21.175,14.984,15.748
2008,166,19.389,20.889,14.792,15.103
2008,167,18.842,19.888,14.05,14.768
2008,168,18.01,19.436,13.497,13.954
2008,169,18.39,20.15,13.449,14.17
2008,170,19.27,20.341,14.194,14.792
2008,171,19.579,20.841,14.697,15.055
2008,172,18.985,20.793,14.505,14.984
2008,173,18.818,20.103,14.553,14.864
2008,174,18.557,19.413,13.786,14.768
2008,175,17.201,18.39,12.847,13.666
2008,176,17.011,17.915,12.968,14.074
2008,177,17.439,19.389,13.161,14.122
2008,178,17.938,19.77,13.329,14.577
2008,179,18.485,19.77,13.497,14.84
2008,180,18.889,19.865,13.786,14.745
2008,181,19.222,20.222,14.074,14.984
2008,182,19.318,20.555,14.385,15.247
2008,183,18.794,20.531,14.266,15.461
2008,184,18.604,20.365,13.762,15.223
2008,185,17.724,19.413,13.064,14.577
2008,186,17.153,18.937,12.799,14.098
2008,187,16.82,18.842,12.678,13.882
2008,188,17.344,19.484,13.064,14.266
2008,189,18.271,19.508,13.546,14.553
2008,190,18.152,19.27,13.257,14.409
2008,191,17.463,18.771,12.63,13.954
2008,192,16.177,17.962,11.613,13.112
2008,193,15.39,18.081,10.932,13.546
2008,194,15.581,18.889,11.492,14.05
2008,195,17.201,20.103,12.461,15.318
2008,196,18.509,20.674,13.882,15.748
2008,197,19.27,23.232,14.481,16.725
2008,198,20.293,23.857,15.103,16.582
2008,199,19.912,20.913,14.96,16.153
2008,200,19.746,20.984,14.912,16.129
2008,201,19.698,20.936,15.055,15.796
2008,202,19.199,20.603,14.697,15.963
2008,203,20.174,21.748,15.557,17.106
2008,204,20.317,21.008,14.721,16.796
2008,205,19.532,22.082,13.016,16.082
2008,206,18.747,20.341,13.016,15.7
2008,207,17.796,19.841,12.654,15.318
2008,208,17.177,19.365,12.243,14.673
2008,209,16.392,19.246,12.025,14.385
2008,210,16.654,19.08,12.05,14.721
2008,211,15.939,17.701,10.98,13.882
2008,212,15.438,17.368,10.467,12.944
2008,213,15.891,17.986,11.151,13.353
2008,214,16.749,18.461,11.759,13.69
2008,215,16.272,18.557,12.582,14.122
2008,216,16.415,18.699,13.377,14.601
2008,217,18.081,19.389,13.858,14.936
2008,218,18.105,19.651,13.906,15.103
2008,219,17.082,19.056,13.497,14.481
2008,246,19.651,20.484,NA,NA
2008,247,19.389,20.484,14.864,15.27
2008,248,19.413,20.507,14.888,16.153
2008,249,19.698,21.056,15.055,16.725
2008,250,20.198,21.604,15.581,17.034
2008,251,20.198,22.226,16.058,17.605
2008,252,20.817,23.016,16.582,18.033
2008,253,20.913,22.92,16.606,17.724
2008,254,20.317,21.7,15.796,17.058
2008,255,20.222,21.342,15.509,16.725
2008,256,20.103,21.366,15.509,16.463
2008,257,20.007,21.461,15.461,16.606
2008,258,19.651,21.437,15.342,16.773
2008,259,19.984,21.628,15.414,16.701
2008,260,20.126,21.724,15.7,17.225
2008,261,20.055,21.676,15.509,16.749
2008,262,19.912,21.604,15.533,16.701
2008,263,19.77,21.509,15.485,16.654
2008,264,19.77,21.27,15.509,16.272
2008,265,19.77,21.27,15.39,16.129
2008,266,19.722,21.223,15.342,16.201
2008,267,19.77,21.843,15.414,17.225
2008,268,20.531,22.13,16.034,17.272
2008,269,20.603,21.891,15.796,16.868
2008,270,20.15,21.509,15.438,16.463
2008,271,19.817,21.342,15.079,16.249
2008,272,19.674,21.485,15.031,16.511
2008,273,19.436,21.7,14.649,17.391
2008,274,19.246,21.509,14.721,17.13
2008,275,19.746,21.557,15.438,16.868
2008,276,20.15,21.795,15.796,17.106
2008,277,21.294,22.513,16.272,17.582
2008,278,22.011,22.992,16.773,17.653
2008,279,21.819,22.561,16.725,17.582
2008,280,21.509,22.848,16.606,17.915
2008,281,21.652,23.136,16.725,18.366
2008,282,21.557,22.753,16.725,18.485
2008,283,20.984,22.441,16.701,17.986
2008,284,21.342,22.609,16.749,17.796
2008,285,21.509,22.848,16.796,17.962
2008,286,22.058,23.184,16.987,18.2
2008,287,22.465,23.4,17.32,18.152
2008,288,22.034,22.824,17.082,18.033
2008,289,22.178,22.944,17.011,18.176
2008,290,21.676,22.8,16.987,18.176
2008,291,21.557,22.417,17.272,17.653
2008,292,21.223,23.208,17.034,17.415
2008,293,22.034,22.441,16.749,17.225
2008,294,21.7,21.963,16.058,16.987
2008,295,21.175,21.772,15.748,16.963
2008,296,20.46,21.581,15.533,17.653
2008,297,19.936,21.318,15.079,17.463
2008,298,20.603,21.318,15.748,17.701
2008,299,19.627,20.817,15.151,16.82
2008,300,19.508,21.557,15.199,16.987
2008,301,19.77,21.461,15.318,16.963
2008,302,20.198,21.581,15.461,17.391
2008,303,20.103,22.154,15.557,17.915
2008,304,20.246,22.393,15.676,18.081
2008,305,20.793,22.657,16.177,18.414
2008,306,21.652,22.992,16.725,18.057
2008,307,21.151,22.513,16.392,17.605
2008,308,21.366,22.753,16.392,18.2
2008,309,21.819,23.232,16.439,19.175
2008,310,22.011,23.376,16.773,19.793
2008,311,21.772,23.713,17.177,19.627
2008,312,22.776,24.267,17.819,20.15
2008,313,23.184,24.267,18.39,19.698
2008,314,23.04,24.823,18.39,19.96
2008,315,23.016,23.881,18.2,19.222
2008,316,22.657,23.761,17.772,18.794
2008,317,21.795,23.256,17.177,18.557
2008,318,21.7,23.352,17.13,18.557
2008,319,21.748,23.232,17.13,18.652
2008,320,21.676,23.424,16.987,18.747
2008,321,21.772,23.713,17.106,19.127
2008,322,22.753,24.195,17.772,19.936
2008,323,23.472,26.451,18.438,19.865
2008,324,23.112,26.916,18.723,19.793
2008,325,22.513,26.646,17.986,20.46
2008,326,22.824,25.089,18.2,20.65
2008,327,23.689,25.89,19.08,21.557
2008,328,24.677,26.329,19.532,21.7
2008,329,24.702,26.426,19.222,21.987
2008,330,23.978,25.695,19.555,21.223
2008,331,24.074,25.914,19.103,21.366
2008,332,24.195,25.744,19.008,21.199
2008,333,24.363,26.402,19.294,20.913
2008,334,24.074,25.355,19.484,20.984
2008,335,24.098,25.55,19.365,20.889
2008,336,24.412,25.428,19.508,21.223
2008,337,24.363,26.036,19.532,21.27
2008,338,23.328,25.016,19.175,20.889
2008,339,22.992,24.484,18.628,20.793
2008,340,22.872,24.871,18.461,20.698
2008,341,24.002,25.307,19.056,21.127
2008,342,24.171,25.574,19.27,21.581
2008,343,24.388,26.231,20.055,21.891
2008,344,25.21,27.382,20.293,21.939
2008,345,25.113,26.036,20.198,21.939
2008,346,24.629,25.866,19.746,21.843
2008,347,24.339,25.307,19.413,21.27
2008,348,24.46,25.695,19.532,21.843
2008,349,24.484,28.32,19.722,22.154
2008,350,24.267,26.769,19.651,21.509
2008,351,24.098,25.55,19.674,21.485
2008,352,24.508,25.987,19.77,21.103
2008,353,24.122,25.307,19.555,21.318
2008,354,24.171,25.428,19.222,21.366
2008,355,24.195,25.841,18.723,21.7
2008,356,23.954,25.744,18.818,21.461
2008,357,24.75,25.866,19.389,21.056
2008,358,24.339,25.234,19.151,20.722
2008,359,24.339,25.234,18.985,20.984
2008,360,23.472,25.016,18.366,21.079
2008,361,23.376,24.992,18.485,20.698
2008,362,24.291,25.574,19.199,20.841
2008,363,24.532,25.744,19.389,21.557
2008,364,24.05,25.55,19.508,21.533
2008,365,24.363,25.987,19.532,21.39
2008,366,24.026,25.744,19.436,21.413
2009,1,23.689,25.598,19.27,21.008
2009,2,24.05,25.866,19.436,21.175
2009,3,23.954,26.646,19.627,21.318
2009,4,24.195,26.158,19.77,21.27
2009,5,24.388,26.036,19.77,21.008
2009,6,24.146,25.987,19.603,21.127
2009,7,24.339,25.939,19.674,21.175
2009,8,24.291,26.72,19.46,21.461
2009,9,24.436,25.963,19.603,21.175
2009,10,23.593,25.623,19.008,20.746
2009,11,22.968,25.477,18.39,20.412
2009,12,22.824,25.065,17.344,20.103
2009,13,23.136,24.581,17.653,20.031
2009,14,23.184,25.162,18.295,20.365
2009,15,23.905,26.158,18.913,20.841
2009,16,23.761,26.085,19.127,20.889
2009,17,23.954,26.842,19.46,21.199
2009,18,24.581,26.818,19.579,21.127
2009,19,23.761,26.353,19.032,20.627
2009,20,23.208,26.573,18.794,20.555
2009,21,23.376,26.402,18.866,20.793
2009,22,24.05,27.776,19.151,21.461
2009,23,23.978,27.333,19.413,21.294
2009,24,23.785,27.014,19.579,21.461
2009,25,24.315,28.791,19.627,21.318
2009,26,24.484,26.72,19.579,21.127
2009,27,24.629,25.501,19.436,20.77
2009,28,24.291,26.085,18.889,20.46
2009,29,24.098,25.477,18.438,20.079
2009,30,23.665,25.355,18.604,20.269
2009,31,24.098,24.919,18.675,19.96
2009,32,24.026,25.04,18.747,20.46
2009,33,24.171,26.695,19.151,21.032
2009,34,24.629,27.505,19.603,20.936
2009,35,24.702,27.308,19.294,20.722
2009,36,24.581,27.974,19.175,20.507
2009,37,24.581,27.259,18.889,20.674
2009,38,24.653,25.914,19.222,21.127
2009,39,24.75,26.061,19.77,21.223
2009,40,24.919,27.505,19.888,21.056
2009,41,24.677,27.087,19.96,20.841
2009,42,24.532,27.161,20.055,21.175
2009,43,25.089,27.112,20.126,21.318
2009,44,24.629,27.136,19.841,21.127
2009,45,24.702,27.136,20.031,20.913
2009,46,24.677,27.677,19.722,21.199
2009,47,24.726,27.53,19.746,21.032
2009,48,23.809,26.965,19.08,20.77
2009,49,23.569,26.769,18.842,20.341
2009,50,23.857,26.744,18.604,20.579
2009,51,24.339,26.842,19.08,20.841
2009,52,24.484,26.475,19.603,20.793
2009,53,24.532,25.866,19.817,20.722
2009,54,25.016,25.453,19.579,20.484
2009,55,24.944,25.647,19.103,20.103
2009,56,25.186,25.744,19.341,20.388
2009,57,24.944,25.404,19.341,20.484
2009,58,24.726,25.404,19.151,20.46
2009,59,24.098,25.355,18.866,20.793
2009,60,23.04,24.75,18.509,20.15
2009,61,22.896,24.436,18.176,19.96
2009,62,23.4,24.968,18.343,20.174
2009,63,23.665,24.944,18.771,20.174
2009,64,24.146,25.453,19.246,20.865
2009,65,24.122,25.501,18.509,20.174
2009,66,23.785,25.137,18.628,20.246
2009,67,24.002,25.623,18.723,20.865
2009,68,24.05,25.477,18.937,20.484
2009,69,24.05,26.256,19.008,20.555
2009,70,24.605,25.72,19.008,20.603
2009,71,24.774,26.451,19.103,20.365
2009,72,24.581,25.428,19.032,20.722
2009,73,24.267,25.72,19.222,20.793
2009,74,24.46,25.72,19.318,20.698
2009,75,23.93,25.525,19.032,20.412
2009,76,23.208,25.137,18.747,20.103
2009,77,24.243,25.866,18.866,20.174
2009,78,24.508,25.817,18.818,20.293
2009,79,24.219,24.823,18.628,20.46
2009,80,24.122,24.847,18.675,20.269
2009,81,23.833,24.75,18.557,19.936
2009,82,23.761,24.46,18.295,19.46
2009,83,23.448,24.484,17.867,19.222
2009,84,23.4,24.002,12.751,18.866
2009,85,23.208,23.737,17.486,18.794
2009,86,22.872,23.593,17.177,18.58
2009,87,22.944,23.665,17.344,18.652
2009,88,22.824,24.581,17.249,18.723
2009,89,22.489,23.376,16.987,18.842
2009,90,22.058,23.208,16.63,18.414
2009,91,21.843,23.256,16.463,18.438
2009,92,22.13,23.352,16.511,18.557
2009,93,21.819,23.184,16.511,18.557
2009,94,21.939,23.256,16.868,18.961
2009,95,22.25,23.641,17.272,19.46
2009,96,22.968,24.002,17.748,19.508
2009,97,23.088,23.833,17.915,19.555
2009,98,23.4,24.532,17.796,19.579
2009,99,22.896,28.717,17.653,19.27
2009,100,23.064,25.04,17.772,19.294
2009,101,23.4,24.267,17.867,19.318
2009,102,23.665,24.243,17.938,19.294
2009,103,23.809,24.219,18.01,19.793
2009,104,23.857,24.267,18.557,20.007
2009,105,23.761,24.581,18.557,20.722
2009,106,24.074,24.774,18.652,20.65
2009,107,24.098,24.508,18.366,20.365
2009,108,23.833,24.315,17.748,19.984
2009,109,22.753,23.713,16.844,19.175
2009,110,22.369,23.16,16.392,18.842
2009,111,21.987,22.92,16.106,18.985
2009,112,21.867,22.633,16.392,18.675
2009,113,21.413,22.513,16.034,18.461
2009,114,21.795,22.633,16.272,18.58
2009,115,21.437,22.489,15.819,18.485
2009,116,21.461,22.705,15.676,18.794
2009,117,21.939,22.705,16.511,18.723
2009,118,21.103,22.202,15.819,18.414
2009,119,21.103,22.082,15.772,18.319
2009,120,21.246,22.13,15.867,18.152
2009,121,21.032,21.891,15.796,17.843
2009,122,21.485,22.058,16.034,17.891
2009,123,21.461,22.011,15.963,17.867
2009,124,21.7,22.058,15.867,17.867
2009,125,21.533,22.034,15.676,17.653
2009,126,21.581,22.489,16.725,17.415
2009,127,21.294,22.369,16.701,17.225
2009,128,21.366,22.25,16.63,17.177
2009,129,21.342,22.369,16.654,17.296
2009,130,21.175,22.13,16.558,17.082
2009,131,21.103,21.819,16.296,16.892
2009,132,21.056,22.178,16.106,17.201
2009,133,21.175,22.345,16.558,17.344
2009,134,21.27,22.824,16.868,17.796
2009,135,21.485,22.561,16.796,17.534
2009,136,21.127,22.13,15.796,17.177
2009,137,20.031,21.27,15.676,16.463
2009,138,19.674,21.127,15.581,16.344
2009,139,19.841,21.533,15.748,16.677
2009,140,20.222,21.604,15.915,16.844
2009,141,18.889,21.008,14.792,16.249
2009,142,17.653,20.126,13.69,15.175
2009,143,18.652,19.793,13.522,15.127
2009,144,18.771,19.722,14.29,15.485
2009,145,18.699,19.936,14.625,15.843
2009,146,19.912,20.174,15.509,16.344
2009,147,20.079,20.841,15.891,16.534
2009,148,20.484,21.103,15.939,16.582
2009,149,19.984,20.793,15.629,16.558
2009,150,19.77,20.65,15.294,16.249
2009,151,20.436,20.913,15.891,16.296
2009,152,20.484,20.841,15.915,16.415
2009,153,20.627,21.079,16.058,16.392
2009,154,20.269,21.008,15.867,16.677
2009,155,20.46,21.199,15.772,16.725
2009,156,20.055,21.032,15.39,16.677
2009,157,19.936,20.984,15.676,16.773
2009,158,20.436,21.39,15.461,16.749
2009,159,20.412,21.199,15.39,16.749
2009,160,19.674,20.531,14.745,16.558
2009,161,19.175,20.079,13.93,16.129
2009,162,17.986,19.103,13.57,15.151
2009,163,17.796,18.652,13.497,14.745
2009,164,17.701,18.937,13.594,15.008
2009,165,18.224,19.318,14.409,15.557
2009,166,18.699,19.841,14.553,15.843
2009,167,18.794,19.651,14.05,15.867
2009,168,18.438,19.389,13.594,15.915
2009,169,19.032,19.508,14.481,16.177
2009,170,19.436,19.698,14.553,15.939
2009,171,18.485,19.365,13.93,15.342
2009,182,21.246,22.082,14.697,17.153
2009,183,19.46,21.223,14.002,16.463
2009,184,19.056,20.984,13.786,16.534
2009,185,18.414,19.817,12.461,15.915
2009,186,17.582,19.175,11.904,14.697
2009,187,18.461,19.651,12.292,15.103
2009,188,18.985,20.507,12.799,15.724
2009,189,19.365,20.555,13.257,15.724
2009,190,19.508,20.341,13.69,15.557
2009,191,18.747,19.793,13.209,15.199
2009,192,18.081,19.651,12.509,14.505
2009,193,18.699,19.841,12.654,14.768
2009,194,18.985,20.293,13.016,15.39
2009,195,19.032,19.722,13.209,15.652
2009,209,17.962,18.866,12.968,15.055
2009,210,18.628,19.199,13.233,14.888
2009,211,18.319,18.794,12.896,14.385
2009,212,18.081,18.652,12.606,14.218
2009,213,17.463,18.176,12.389,14.122
2009,214,17.772,18.557,12.485,14.17
2009,215,18.509,18.913,12.678,14.409
2009,216,18.675,19.175,12.968,14.505
2009,217,17.772,18.794,12.799,14.409
2009,218,17.249,20.007,12.63,15.079
2009,219,18.057,20.412,12.968,15.39
2009,220,18.105,19.984,12.92,15.103
2009,221,17.106,19.436,12.219,14.505
2009,222,17.843,19.865,12.871,15.127
2009,223,18.295,20.388,13.161,15.39
2009,224,18.675,20.627,13.522,15.652
2009,225,18.771,20.603,13.112,15.414
2009,226,17.106,20.031,12.654,15.318
2009,227,16.82,19.865,12.678,15.676
2009,228,17.748,19.912,12.703,15.891
2009,229,18.414,19.841,13.064,15.796
2009,230,18.081,19.888,12.896,15.772
2009,232,18.485,20.031,13.137,15.533
2009,233,18.105,20.269,12.896,15.748
2009,234,18.2,19.817,12.751,16.01
2009,235,18.628,19.912,12.654,16.034
2009,236,18.533,19.793,13.209,15.915
2009,237,19.199,20.627,13.858,16.749
2009,238,20.031,21.246,14.122,17.177
2009,239,19.96,21.223,14.577,16.987
2009,240,19.722,21.056,14.29,16.677
2009,241,19.413,20.889,14.529,16.892
2009,242,19.841,21.223,14.481,17.011
2009,243,19.389,21.103,13.81,17.177
2009,244,19.841,21.199,13.954,16.963
2009,245,20.222,21.366,14.673,17.13
2009,246,20.412,20.984,15.247,17.082
2009,247,20.388,21.199,15.079,16.725
2009,248,19.912,21.366,14.433,17.177
2009,249,20.007,21.557,14.553,17.296
2009,250,20.412,21.628,14.433,17.296
2009,251,20.079,21.7,15.103,17.439
2009,252,20.507,21.628,15.27,17.486
2009,253,19.817,21.318,14.577,17.177
2009,254,20.079,21.437,14.673,16.987
2009,255,20.007,21.008,14.721,16.415
2009,256,19.96,20.698,14.601,16.32
2009,257,19.936,20.722,14.577,16.606
2009,258,19.841,20.865,14.697,16.654
2009,259,19.865,21.032,14.84,16.558
2009,260,20.103,21.103,14.936,16.725
2009,261,19.77,20.77,14.601,16.487
2009,262,19.555,20.96,14.505,16.773
2009,263,19.389,20.913,14.361,16.844
2009,264,19.484,21.032,14.17,16.725
2009,265,19.508,21.175,13.93,16.844
2009,266,20.674,22.321,14.936,17.867
2009,267,21.056,21.963,15.318,17.748
2009,268,19.674,21.27,14.146,16.654
2009,269,19.888,21.628,14.361,17.296
2009,270,20.531,21.795,14.792,17.201
2009,271,19.674,21.342,14.314,16.987
2009,272,20.388,21.963,14.96,17.344
2009,273,20.722,22.106,15.27,17.13
2009,274,20.507,21.867,15.199,17.011
2009,275,20.246,22.154,15.031,17.701
2009,276,20.817,22.585,15.748,18.509
2009,277,21.628,22.537,16.368,18.366
2009,278,20.579,22.082,15.629,18.224
2009,279,20.031,21.795,15.103,17.772
2009,280,20.746,21.915,15.7,17.938
2009,281,20.674,22.082,15.223,17.915
2009,282,20.96,21.772,15.796,17.605
2009,283,21.223,21.604,15.485,17.32
2009,284,20.412,21.318,15.438,17.296
2009,285,20.341,21.628,15.103,17.51
2009,286,20.15,21.652,14.673,17.819
2009,287,20.269,22.011,14.864,18.319
2009,288,20.865,22.25,15.724,18.889
2009,289,20.365,22.034,15.557,19.484
2009,290,20.317,21.867,15.342,19.46
2009,291,20.96,22.345,16.058,19.46
2009,292,21.246,22.13,16.058,18.176
2009,293,20.317,21.199,15.366,17.463
2009,294,20.412,21.366,15.103,17.13
2009,295,20.269,21.294,15.127,17.106
2009,296,20.15,21.485,15.175,17.225
2009,297,20.15,21.366,15.294,17.463
2009,298,19.936,21.867,14.96,17.843
2009,299,19.984,22.13,14.697,18.652
2009,300,20.365,22.034,15.318,18.58
2009,301,20.746,22.465,16.082,17.962
2009,302,21.461,22.321,16.225,17.986
2009,303,21.366,22.154,16.034,17.701
2009,304,21.127,22.465,15.891,17.439
2009,305,20.913,22.13,15.772,17.772
2009,306,20.746,21.843,15.724,17.486
2009,307,20.246,21.7,15.294,17.272
2009,308,19.96,21.795,14.912,17.653
2009,309,20.913,22.25,15.485,17.915
2009,326,27.333,28.965,17.177,19.389
2009,327,26.793,28.99,17.249,19.222
2009,328,24.122,26.598,16.892,19.008
2009,329,24.605,32.975,17.011,18.985
2009,330,28.122,31.484,17.32,19.127
2009,331,26.965,28.568,17.225,19.484
2009,332,24.774,28.518,17.082,19.841
2009,334,26.549,28.916,17.51,20.365
2009,335,25.04,28.023,17.582,20.65
2009,336,24.992,28.221,17.082,20.579
2009,337,26.109,27.899,17.582,20.055
2009,338,25.963,27.604,17.724,19.912
2009,339,25.428,26.451,17.819,19.912
2009,340,24.726,25.428,17.13,19.698
2009,341,25.113,28.072,17.558,19.817
2009,342,26.916,31.484,17.843,20.079
2009,343,25.234,28.444,17.344,19.984
2009,344,25.939,32.355,17.819,20.412
2009,345,28.444,32.691,18.533,20.746
2009,346,26.524,28.369,18.461,20.913
2009,347,25.793,26.769,18.2,20.365
2009,348,25.477,26.036,17.891,20.269
2009,349,25.477,26.158,17.915,19.984
2009,351,26.916,31.357,17.558,19.579
2009,352,26.72,28.345,17.51,19.865
2009,353,26.085,27.677,17.701,20.126
2009,354,25.647,27.702,17.772,20.484
2009,355,25.355,27.259,17.843,20.555
2009,356,26.329,27.259,18.176,20.674
2009,357,26.573,27.161,18.889,21.151
2009,358,26.207,26.744,18.604,21.079
2009,359,26.378,26.769,18.889,20.77
2009,360,26.549,27.431,18.842,20.555
2009,361,26.5,28.766,18.39,20.507
2009,362,26.28,27.727,18.533,20.889
2009,363,26.353,26.965,18.794,21.175
2009,364,26.549,27.308,18.985,21.032
2009,365,26.012,32.691,19.27,20.841
2010,1,25.793,27.751,19.056,20.555
2010,2,26.671,29.74,19.127,20.627
2010,3,26.426,28.667,19.199,20.698
2010,4,25.987,26.524,19.08,20.65
2010,5,25.695,26.378,19.008,21.056
2010,6,25.525,26.646,19.032,21.103
2010,7,25.647,26.818,18.889,21.342
2010,8,25.914,26.916,19.056,21.223
2010,9,26.304,29.715,19.318,20.698
2008,124,NA,NA,16.463,16.892
2008,125,NA,NA,15.963,16.915
2008,126,NA,NA,15.986,16.796
2008,220,NA,NA,12.678,13.522
2008,221,NA,NA,12.389,13.064
2008,222,NA,NA,12.316,12.751
2008,223,NA,NA,12.243,12.992
2008,224,NA,NA,12.098,12.727
2008,225,NA,NA,11.686,12.437
2009,172,NA,NA,13.016,15.247
2009,173,NA,NA,13.522,15.676
2009,174,NA,NA,13.618,16.129
2009,175,NA,NA,13.882,16.034
2009,176,NA,NA,13.882,16.32
2009,177,NA,NA,14.385,17.058
2009,178,NA,NA,14.792,17.32
2009,179,NA,NA,14.433,17.201
2009,180,NA,NA,14.385,16.892
2009,181,NA,NA,14.721,17.13
2009,196,NA,NA,12.534,15.27
2009,197,NA,NA,11.248,14.529
2009,198,NA,NA,10.638,13.834
2009,199,NA,NA,10.59,13.473
2009,200,NA,NA,11.37,14.146
2009,201,NA,NA,12.34,15.008
2009,202,NA,NA,12.992,15.008
2009,203,NA,NA,13.112,15.175
2009,204,NA,NA,12.896,15.318
2009,205,NA,NA,13.257,15.7
2009,206,NA,NA,13.57,15.127
2009,207,NA,NA,13.329,14.96
2009,208,NA,NA,13.016,15.247
2009,333,NA,NA,17.058,19.96
2009,350,NA,NA,17.867,19.698
2010,10,NA,NA,18.842,20.126
2010,11,NA,NA,18.438,20.317
2010,12,NA,NA,18.461,20.174
2010,13,NA,NA,18.271,19.579
2010,14,NA,NA,18.2,19.698
2010,15,NA,NA,18.366,19.912
2010,16,NA,NA,18.723,20.388
2010,17,NA,NA,19.151,20.579
2010,18,NA,NA,19.151,20.674
2010,19,NA,NA,18.723,20.15
2010,20,NA,NA,18.699,19.627
2010,21,NA,NA,18.842,20.031
2010,22,NA,NA,18.866,20.341
2010,23,NA,NA,18.961,20.388
2010,24,NA,NA,19.151,20.817
2010,25,NA,NA,19.08,21.008
2010,26,NA,NA,19.413,20.841
2010,27,NA,NA,19.484,21.032
2010,28,NA,NA,19.651,20.77
2010,29,NA,NA,19.46,20.365
2010,30,NA,NA,19.436,20.793
2010,31,NA,NA,19.555,20.698
2010,32,NA,NA,19.151,20.436
2010,33,NA,NA,19.056,20.674
2010,34,NA,NA,19.341,20.936
2010,35,NA,NA,19.508,21.318
2010,36,NA,NA,19.888,21.604
2010,37,NA,NA,19.865,21.509
2010,38,NA,NA,20.055,21.318
2010,39,NA,NA,20.126,20.936
2010,40,NA,NA,19.77,20.793
2010,41,NA,NA,19.532,20.865
2010,42,NA,NA,20.031,20.507
2010,43,NA,NA,19.96,20.531
2010,44,NA,NA,19.651,20.484
2010,45,NA,NA,19.936,20.77
2010,46,NA,NA,20.055,20.913
2010,47,NA,NA,20.627,21.318
2010,48,NA,NA,20.126,21.175
2010,49,NA,NA,20.674,21.223
2010,50,NA,NA,20.579,21.127
2010,51,NA,NA,20.079,20.65
2010,52,NA,NA,19.912,20.246
2010,53,NA,NA,19.603,20.079
2010,54,NA,NA,19.817,20.412
2010,55,NA,NA,19.698,20.341
2010,56,NA,NA,19.603,20.484
