year,julian,low_ground_min,low_ground_max,high_ground_min,high_ground_max
2006,318,17.9,38.32,12.93,28.31
2006,319,20.95,38.77,17.52,30.31
2006,320,18.28,38.77,13.32,27.91
2006,321,15.23,30.31,12.16,20.57
2006,322,20.57,32.34,16.38,20.19
2006,323,17.9,29.9,14.85,18.28
2006,324,18.28,26.73,14.47,17.9
2006,325,19.42,30.71,15.23,18.28
2006,326,18.66,34.43,15.23,20.57
2006,327,18.66,31.93,16.38,23.24
2006,328,17.52,34.01,14.85,22.86
2006,329,17.9,34.85,15.62,22.09
2006,330,17.9,34.01,14.85,22.86
2006,331,18.28,34.85,15.23,22.86
2006,332,19.42,34.43,16.38,22.48
2006,333,20.57,36.57,15.23,24.79
2006,334,18.28,39.67,12.93,28.7
2006,335,20.57,36.57,15.23,27.52
2006,336,23.24,34.43,18.66,27.52
2006,337,22.86,32.34,18.66,26.34
2006,338,23.63,34.43,17.52,26.73
2006,339,21.33,29.1,17.9,20.57
2006,340,21.33,28.31,17.9,22.09
2006,341,20.95,27.91,16.38,27.91
2006,342,20.57,26.34,16.38,19.04
2006,343,20.57,30.71,16.38,20.95
2006,344,21.71,24.79,15.62,19.81
2006,345,21.71,28.31,16.76,19.81
2006,346,21.71,31.12,17.14,20.95
2006,347,20.95,29.9,16.76,21.33
2006,348,21.33,31.12,17.14,21.71
2006,349,20.57,33.59,16.76,21.71
2006,350,19.04,31.93,15.62,22.48
2006,351,19.42,34.01,15.23,24.79
2006,352,21.71,35.27,17.9,23.24
2006,353,19.04,30.71,15.62,22.09
2006,354,19.04,33.17,15.62,22.09
2006,355,19.81,32.76,16.38,20.95
2006,356,20.57,32.34,16,20.19
2006,357,20.57,32.76,16.76,21.71
2006,358,19.81,32.34,16.38,22.48
2006,359,20.57,34.43,17.52,25.17
2006,360,20.95,36.57,16,27.12
2006,361,23.24,33.59,16.76,23.63
2006,362,22.48,27.12,16.38,20.95
2006,363,23.24,29.1,18.28,21.71
2006,364,23.24,30.31,18.66,21.71
2006,365,22.86,31.52,17.52,22.48
2007,1,23.24,35.7,18.28,25.17
2007,2,22.48,31.12,18.28,23.24
2007,3,22.86,33.17,18.66,22.09
2007,4,23.24,35.27,18.28,23.24
2007,5,23.24,31.93,18.66,23.24
2007,6,22.09,30.31,17.9,22.48
2007,7,21.71,33.59,17.52,22.48
2007,8,20.57,37.44,17.14,25.56
2007,9,21.71,37,19.04,27.12
2007,10,22.86,38.32,19.04,27.12
2007,11,24.01,35.7,19.42,26.34
2007,12,22.09,34.85,17.52,25.56
2007,13,20.19,34.01,15.23,24.4
2007,14,21.71,37,18.28,25.95
2007,15,22.09,34.01,17.14,24.4
2007,16,21.71,35.27,18.28,23.24
2007,17,22.09,31.12,18.28,20.57
2007,18,22.09,31.93,17.52,23.24
2007,19,22.09,36.13,18.28,24.01
2007,20,21.71,34.01,18.28,23.63
2007,21,22.09,33.59,17.9,23.24
2007,22,22.48,34.01,19.04,22.48
2007,23,22.48,36.57,18.66,25.56
2007,24,22.86,36.57,19.81,26.34
2007,25,24.4,31.93,20.19,25.17
2007,26,23.63,36.13,20.19,25.95
2007,27,22.86,34.85,19.04,24.79
2007,28,22.48,34.43,19.42,24.79
2007,29,22.09,33.59,18.66,23.63
2007,30,23.24,27.52,18.66,22.48
2007,31,23.63,33.17,19.81,22.09
2007,32,23.63,29.9,19.81,22.86
2007,33,23.63,29.1,20.19,23.63
2007,34,23.63,32.34,19.42,22.09
2007,35,23.24,27.12,19.04,21.71
2007,36,23.24,27.12,18.28,20.95
2007,37,22.48,25.56,17.9,19.81
2007,38,21.33,27.12,17.52,20.57
2007,39,21.71,24.4,16.38,19.42
2007,40,19.81,37,15.62,25.95
2007,41,19.81,37,17.14,25.95
2007,42,21.71,37.44,16.76,27.12
2007,43,22.09,38.77,18.66,27.52
2007,44,21.71,38.32,18.66,27.12
2007,45,21.33,34.85,17.52,24.79
2007,46,22.86,28.7,17.52,22.86
2007,47,23.24,32.76,18.28,23.24
2007,48,22.86,30.71,18.28,21.71
2007,49,22.86,29.1,18.66,21.33
2007,50,21.71,25.17,18.28,20.57
2007,51,22.48,26.73,17.9,20.57
2007,52,22.09,25.95,17.14,21.71
2007,53,22.48,28.7,18.28,20.95
2007,54,22.48,28.7,19.04,20.95
2007,55,22.86,27.12,18.66,20.95
2007,56,22.48,27.91,17.9,22.09
2007,57,22.48,28.31,18.66,22.48
2007,58,21.71,31.12,17.14,22.09
2007,59,23.24,30.31,19.81,24.01
2007,60,22.86,29.5,18.66,25.56
2007,61,20.57,32.76,17.9,25.56
2007,62,21.71,35.7,19.04,27.12
2007,63,21.71,34.85,17.9,25.95
2007,64,22.09,34.43,17.9,24.79
2007,65,21.33,31.52,18.28,24.01
2007,66,22.48,33.59,18.66,23.63
2007,67,22.86,29.1,19.04,21.71
2007,68,21.71,30.71,18.66,22.09
2007,69,20.95,31.12,16.76,22.86
2007,70,22.09,34.85,18.28,25.95
2007,71,21.33,37,19.81,26.34
2007,72,23.24,37.44,19.04,27.12
2007,73,23.63,33.17,18.28,23.63
2007,74,22.86,29.1,18.28,21.33
2007,75,21.71,28.31,17.9,20.57
2007,76,21.33,26.34,17.14,20.19
2007,77,21.33,27.91,17.52,20.19
2007,78,21.33,30.31,15.62,21.33
2007,79,22.86,28.7,18.28,20.95
2007,80,24.01,30.71,19.81,21.33
2007,81,22.09,26.34,18.28,21.33
2007,82,21.33,27.52,17.14,20.95
2007,83,21.33,28.31,16,20.95
2007,84,19.04,31.93,16,22.09
2007,85,19.81,31.12,17.14,21.71
2007,86,20.19,31.12,17.14,21.71
2007,87,21.33,31.52,17.52,22.86
2007,88,19.42,33.17,14.85,23.63
2007,89,18.28,33.59,14.09,23.24
2007,90,17.52,33.59,13.7,22.09
2007,91,20.19,27.91,15.62,21.71
2007,92,21.33,26.73,16,19.04
2007,93,21.33,26.34,16.76,19.81
2007,94,20.57,30.31,15.62,20.57
2007,95,20.57,29.5,16.38,20.95
2007,96,19.81,25.17,16,20.95
2007,97,20.19,27.52,15.23,20.19
2007,98,19.81,27.12,16,19.42
2007,99,20.19,25.56,15.62,19.81
2007,100,20.57,25.17,15.23,19.04
2007,101,20.19,25.95,15.62,19.04
2007,102,19.81,24.79,14.47,17.9
2007,103,20.19,25.95,13.7,18.66
2007,104,20.57,28.7,15.62,18.66
2007,105,19.81,25.56,14.47,18.28
2007,106,19.42,25.56,15.62,18.66
2007,107,18.66,25.95,14.09,19.81
2007,108,16.76,31.12,13.32,20.57
2007,109,16.76,30.71,13.7,21.33
2007,110,17.52,31.52,13.7,20.19
2007,111,16.38,31.93,13.32,21.33
2007,112,16.38,31.52,13.32,21.33
2007,113,17.14,31.93,15.62,20.19
2007,114,16.76,31.12,16,20.19
2007,115,17.52,31.93,15.62,20.57
2007,116,17.14,32.34,14.85,20.57
2007,117,16.38,32.34,13.7,20.95
2007,118,17.14,32.34,13.7,22.09
2007,119,17.52,34.43,13.32,24.01
2007,120,19.04,34.85,15.23,24.01
2007,121,20.19,34.43,14.47,22.86
2007,122,21.33,29.1,16.76,21.33
2007,123,16.76,31.12,15.62,20.95
2007,124,15.23,31.93,12.55,20.57
2007,125,14.85,31.12,14.09,21.33
2007,126,17.14,29.1,15.23,19.42
2007,127,17.14,31.52,14.47,19.42
2007,128,19.81,28.7,16,19.04
2007,129,20.57,25.17,15.23,19.04
2007,130,19.42,26.34,14.09,19.04
2007,131,19.81,26.34,14.85,18.28
2007,132,19.04,25.17,15.23,18.28
2007,133,18.66,29.1,15.62,18.66
2007,134,19.42,28.31,15.23,18.28
2007,135,19.04,29.5,13.32,18.66
2007,136,17.9,28.31,13.32,18.66
2007,137,17.14,28.7,14.85,19.04
2007,138,19.42,29.5,14.85,19.42
2007,139,18.66,30.31,14.85,20.19
2007,140,17.52,29.9,13.32,20.19
2007,141,18.66,30.31,15.62,21.71
2007,142,20.19,28.7,16,19.81
2007,143,19.81,27.52,16.38,20.19
2007,144,21.33,24.01,16.76,19.42
2007,145,19.04,24.01,14.47,17.9
2007,146,18.66,24.01,14.47,17.9
2007,147,20.57,23.24,15.62,18.28
2007,148,20.19,24.4,15.62,18.28
2007,149,20.57,23.63,16,17.9
2007,150,19.42,26.34,14.85,19.04
2007,151,18.28,26.34,14.85,18.28
2007,152,18.28,24.4,14.47,18.28
2007,153,19.42,24.4,15.23,18.28
2007,154,20.19,25.95,16.38,19.04
2007,155,21.33,28.31,17.52,19.81
2007,156,20.95,26.73,16.38,19.04
2007,157,19.81,25.95,13.7,19.81
2007,158,17.14,22.09,9.03,16.76
2007,159,11.38,22.09,4.57,13.7
2007,160,8.23,22.86,2.46,14.09
2007,161,9.42,24.01,4.57,16
2007,162,10.99,24.79,8.63,15.62
2007,163,15.23,22.09,11.38,16
2007,164,14.09,20.95,10.6,15.62
2007,165,17.9,21.71,10.21,16.38
2007,166,18.28,21.71,11.38,16.76
2007,167,19.42,22.48,14.47,16.76
2007,168,19.81,23.63,11.38,17.14
2007,169,17.14,21.71,10.99,16.76
2007,170,18.66,22.09,10.21,18.66
2007,171,14.47,20.95,7.03,16
2007,172,14.09,18.28,7.03,14.09
2007,173,16,20.19,9.03,15.23
2007,174,16.76,21.33,10.99,16.76
2007,175,17.9,22.09,12.16,16.38
2007,176,17.9,22.48,12.16,17.14
2007,177,17.14,21.33,7.43,15.62
2007,178,12.16,19.04,6.62,12.55
2007,179,9.03,22.09,3.31,12.93
2007,180,7.43,22.48,1.6,14.09
2007,181,7.43,24.01,4.15,16.38
2007,182,8.63,24.4,5.81,15.62
2007,183,9.03,25.56,6.22,16.38
2007,184,10.21,24.79,7.83,16
2007,185,10.21,25.17,6.62,17.14
2007,186,10.6,25.17,7.83,17.14
2007,187,10.6,25.17,6.22,15.62
2007,188,9.03,24.4,6.22,14.85
2007,189,8.23,24.79,5.4,14.47
2007,190,7.83,22.86,3.74,13.7
2007,191,6.62,22.48,3.74,12.93
2007,192,7.83,24.01,4.99,13.7
2007,193,11.77,20.19,9.03,14.85
2007,194,11.77,24.4,7.83,15.62
2007,195,8.63,23.63,6.62,14.85
2007,196,9.03,23.63,7.03,14.47
2007,197,9.82,24.4,9.03,15.62
2007,198,11.77,25.17,10.21,16.38
2007,199,11.38,25.56,9.42,16
2007,200,11.38,23.63,7.83,14.47
2007,201,9.82,22.48,5.4,12.93
2007,202,9.82,20.95,4.99,12.93
2007,203,12.16,22.09,6.62,13.7
2007,204,16,21.71,10.6,14.09
2007,205,17.14,22.09,10.6,14.47
2007,206,17.9,22.09,11.38,14.85
2007,207,17.14,22.48,12.16,14.85
2007,208,16.76,25.17,12.16,16.38
2007,209,16.38,21.71,11.38,16.76
2007,210,14.09,25.17,9.42,17.9
2007,211,11.77,27.12,8.23,17.9
2007,212,10.21,26.73,6.62,16.76
2007,213,12.93,25.95,11.38,16
2007,214,15.23,26.73,11.38,16.76
2007,215,17.52,26.34,12.93,17.52
2007,216,14.85,29.1,11.38,19.04
2007,217,13.32,26.34,8.63,17.14
2007,218,10.21,24.4,6.22,14.47
2007,219,9.03,21.71,6.22,14.47
2007,220,13.32,24.01,12.16,16
2007,221,16,22.86,11.38,16.76
2007,222,17.14,22.48,10.21,17.14
2007,223,16.76,24.79,12.16,16.76
2007,224,15.23,28.31,11.77,18.28
2007,225,15.23,28.31,12.93,18.66
2007,226,16.76,27.12,13.32,17.14
2007,227,17.9,22.86,14.09,17.52
2007,228,19.42,25.56,14.47,16.76
2007,229,18.28,23.63,13.7,16.38
2007,230,16.76,23.63,12.93,16.76
2007,231,19.04,21.71,13.32,16.76
2007,232,18.28,24.79,12.16,17.9
2007,233,16,22.48,8.63,17.52
2007,234,14.09,27.12,9.82,19.04
2007,235,13.7,28.7,11.38,19.04
2007,236,16,28.31,10.6,19.81
2007,237,14.85,27.91,11.38,19.81
2007,238,14.09,26.34,11.38,17.9
2007,239,16,25.17,12.93,17.52
2007,240,17.52,23.24,12.16,15.62
2007,241,17.14,22.86,12.16,16
2007,242,17.14,22.86,11.77,16.76
2007,243,17.14,24.4,13.32,17.14
2007,244,17.14,25.17,11.77,16
2007,245,15.62,24.01,11.38,16.76
2007,246,16.38,24.4,12.93,17.52
2007,247,16.38,27.12,12.55,18.28
2007,248,17.9,22.48,13.32,17.9
2007,249,16.76,24.01,12.16,17.9
2007,250,16.76,27.52,10.99,18.66
2007,251,15.62,27.91,10.6,18.28
2007,252,15.23,25.95,11.38,19.04
2007,253,16.76,28.7,13.32,19.04
2007,254,16.38,29.1,12.16,19.81
2007,255,13.32,30.31,12.16,20.95
2007,256,14.09,29.5,11.77,20.19
2007,257,13.32,29.1,9.42,19.42
2007,258,11.77,29.9,9.42,19.81
2007,259,13.7,30.71,10.21,23.63
2007,260,12.93,33.17,10.99,23.63
2007,261,12.55,34.43,12.16,24.01
2007,262,13.7,30.71,14.09,21.71
2007,263,14.09,31.93,12.55,22.48
2007,264,11.77,32.34,11.77,23.63
2007,265,13.32,29.9,10.99,22.09
2007,266,17.14,27.52,14.09,20.95
2007,267,19.42,25.17,14.47,19.42
2007,268,16.38,29.1,12.93,20.95
2007,269,14.47,30.71,11.38,21.71
2007,270,14.85,30.71,10.6,22.48
2007,271,15.23,31.12,12.55,23.24
2007,272,16.76,30.31,14.09,22.09
2007,273,17.52,29.9,14.09,20.95
2007,274,16.38,27.52,14.47,19.04
2007,275,19.04,22.48,13.32,16.76
2007,276,19.04,28.31,14.47,20.95
2007,277,18.66,30.31,14.85,22.48
2007,278,17.52,32.34,12.55,23.24
2007,279,18.28,31.93,14.85,23.24
2007,280,17.14,33.17,14.09,23.63
2007,281,17.14,32.76,14.47,24.01
2007,282,18.28,33.59,13.7,25.95
2007,283,19.42,34.85,13.7,26.34
2007,284,20.57,33.59,16.76,25.95
2007,285,20.57,36.57,17.9,26.73
2007,286,18.66,33.17,16,24.01
2007,287,17.9,27.52,14.47,20.95
2007,288,16.76,25.17,14.09,19.42
2007,289,16.76,28.7,12.93,20.95
2007,290,15.62,30.71,13.32,21.71
2007,291,15.62,25.17,14.09,20.19
2007,292,18.28,26.34,14.47,18.66
2007,293,16.76,25.56,13.7,18.66
2007,294,18.66,27.12,14.09,17.9
2007,295,18.66,28.7,14.85,19.81
2007,296,17.9,31.12,14.85,21.71
2007,297,18.28,32.34,15.23,23.24
2007,298,17.52,32.34,15.62,24.79
2007,299,18.66,34.43,15.23,25.17
2007,300,20.95,33.17,15.23,25.17
2007,301,22.09,34.43,18.28,25.56
2007,302,22.48,33.59,17.52,25.17
2007,303,20.57,32.34,16.76,22.86
2007,304,20.19,30.71,16.76,21.33
2007,305,20.57,30.71,16.38,21.33
2007,306,19.42,31.52,16,22.48
2007,307,19.42,32.34,14.85,24.01
2007,308,19.04,32.34,12.55,24.79
2007,309,17.14,34.43,13.7,25.95
2007,310,17.9,32.34,16,24.4
2007,311,20.57,34.85,16.76,24.4
2007,312,20.57,30.31,16,24.79
2007,313,22.48,29.1,18.28,23.63
2007,314,21.71,30.31,17.9,24.01
2007,315,22.86,26.34,18.28,21.33
2007,316,22.09,29.9,17.52,20.19
2007,317,20.95,25.17,16.76,19.42
2007,318,20.95,24.79,16,18.66
2007,319,20.57,25.95,16.38,19.04
2007,320,20.95,25.56,17.14,20.19
2007,321,21.71,24.79,17.14,19.81
2007,322,22.09,28.7,17.14,19.81
2007,323,21.71,28.7,17.14,20.57
2007,324,21.71,27.52,16.38,20.19
2007,325,19.42,27.91,14.85,20.95
2007,326,18.28,31.52,14.85,22.09
2007,327,19.42,33.17,14.47,24.01
2007,328,20.19,34.01,16,23.24
2007,329,20.57,34.01,16.38,23.63
2007,330,20.57,31.52,16.76,23.24
2007,331,19.81,31.52,15.62,22.86
2007,332,20.95,26.73,16.38,22.86
2007,333,20.95,32.76,17.14,24.01
2007,334,20.95,35.27,16.38,25.95
2007,335,20.95,37,16.38,26.34
2007,336,20.95,36.57,16.76,27.91
2007,337,21.71,29.9,16.38,26.34
2007,338,20.57,32.76,16,25.56
2007,339,22.48,32.76,18.28,23.63
2007,340,22.48,29.9,17.9,25.56
2007,341,22.86,31.93,18.28,23.63
2007,342,21.33,32.76,16.76,23.24
2007,343,21.33,34.43,17.9,25.17
2007,344,21.71,29.9,17.9,23.63
2007,345,21.71,30.71,17.52,24.01
2007,346,20.95,33.17,17.14,22.48
2007,347,20.19,30.71,16.38,23.24
2007,348,21.71,33.17,17.52,24.01
2007,349,22.48,28.31,17.9,21.71
2007,350,22.48,27.91,17.9,22.09
2007,351,22.09,34.01,17.9,24.4
2007,352,21.71,34.85,15.62,24.79
2007,353,21.33,34.43,17.9,22.86
2007,354,22.48,29.5,18.66,22.86
2007,355,23.24,33.59,19.42,23.24
2007,356,23.63,31.52,19.04,24.79
2007,357,23.24,34.43,19.42,25.56
2007,358,22.48,34.43,19.04,25.95
2007,359,23.24,31.52,19.04,22.86
2007,360,22.86,29.1,19.04,22.86
2007,361,23.24,31.12,19.04,23.63
2007,362,23.24,32.76,17.14,22.48
2007,363,22.09,25.56,16.76,20.95
2007,364,21.33,27.52,15.62,21.33
2007,365,20.19,32.76,15.23,23.63
2008,1,18.66,35.27,15.62,24.79
2008,2,20.95,33.59,18.28,25.56
2008,3,21.33,34.85,17.52,25.17
2008,4,21.33,33.59,16.38,24.4
2008,5,21.33,34.01,16.38,26.73
2008,6,22.48,35.7,16.38,25.56
2008,7,23.24,29.1,19.81,22.86
2008,8,24.01,26.34,19.81,21.71
2008,9,24.01,27.12,19.04,22.09
2008,10,22.86,29.5,18.66,22.86
2008,11,23.24,30.31,19.81,25.17
2008,12,23.24,31.52,19.42,25.17
2008,13,23.24,28.7,19.81,23.63
2008,14,23.24,28.7,19.42,21.71
2008,15,23.24,31.93,19.42,23.24
2008,16,24.01,32.76,20.19,24.4
2008,17,23.63,34.85,19.81,24.79
2008,18,24.01,36.13,20.19,25.95
2008,19,24.01,37,19.81,25.95
2008,20,22.86,36.13,18.28,26.73
2008,21,21.71,36.57,16.38,25.95
2008,22,22.86,30.71,18.28,24.4
2008,23,22.86,29.5,17.9,23.24
2008,24,22.09,29.5,17.9,22.86
2008,25,22.48,27.91,17.52,22.48
2008,26,21.71,34.43,17.52,24.01
2008,27,19.04,34.85,16,25.17
2008,28,21.33,32.34,17.52,23.24
2008,29,22.09,31.12,18.66,24.01
2008,30,22.09,29.5,17.9,22.09
2008,31,22.09,27.52,17.9,21.71
2008,32,21.71,27.52,17.9,21.33
2008,33,21.71,27.52,18.28,21.71
2008,34,22.09,31.12,19.04,23.63
2008,35,22.86,32.34,19.04,24.4
2008,36,22.09,34.85,17.9,25.56
2008,37,23.63,36.13,19.42,25.56
2008,38,23.24,34.43,20.19,25.95
2008,39,23.24,33.59,18.28,25.56
2008,40,22.86,33.59,19.04,24.79
2008,41,22.48,28.31,19.04,22.09
2008,42,24.01,28.7,19.81,24.4
2008,43,23.63,29.5,19.42,23.63
2008,44,23.24,30.71,19.42,24.4
2008,45,23.63,30.31,20.19,24.79
2008,46,24.01,31.12,20.57,24.4
2008,47,23.63,27.91,19.81,23.24
2008,48,23.24,29.1,19.42,23.24
2008,49,23.24,29.9,18.28,22.09
2008,50,23.24,29.1,18.66,22.86
2008,51,22.86,25.95,19.04,22.86
2008,52,22.09,31.12,17.9,23.63
2008,53,20.95,31.93,15.62,24.01
2008,54,20.95,31.93,14.47,24.79
2008,55,20.57,31.93,14.47,24.4
2008,56,20.95,30.71,16.76,23.24
2008,57,22.48,27.91,17.52,21.71
2008,58,23.24,29.5,18.66,22.48
2008,59,23.24,25.95,19.04,21.33
2008,61,21.33,30.31,17.52,22.86
2008,62,21.33,24.79,17.14,20.19
2008,63,21.71,24.79,16.38,19.81
2008,64,22.09,24.01,17.14,19.81
2008,65,20.57,23.24,16,19.81
2008,66,20.95,25.17,16,20.95
2008,67,21.33,25.56,16.76,19.81
2008,68,20.57,28.7,16,19.81
2008,69,20.95,27.91,14.85,20.95
2008,70,21.33,26.34,16.38,20.95
2008,71,21.71,27.12,17.66,21.16
2008,72,21.68,27.68,17.14,21.66
2008,73,21.71,25.68,17.52,21.1
2008,74,22.18,27.12,18.6,21.66
2008,75,22.68,25.18,17.66,20.1
2008,76,21.18,26.18,16.66,20.66
2008,77,21.18,26.34,17.16,20.66
2008,78,21.18,27.68,17.52,21.66
2008,79,21.68,27.91,16.66,21.16
2008,80,20.95,29.18,16.66,22.16
2008,81,21.67,29.68,17.16,22.17
2008,82,21.68,27.68,17.6,21.16
2008,83,21.18,29.18,18.1,22.17
2008,84,21.18,27.18,17.6,21.66
2008,85,21.16,29.18,17.16,22.66
2008,86,20.16,30.68,16.6,23.1
2008,87,18.66,31.18,15.09,23.6
2008,88,20.66,30.68,16.6,23.1
2008,89,20.66,26.17,17.16,21.67
2008,90,20.68,24.67,17.1,20.1
2008,91,19.66,24.68,15.65,20.66
2008,92,19.66,26.18,15.15,21.17
2008,93,21.68,24.68,17.16,19.67
2008,94,20.68,26.68,16.6,20.66
2008,95,17.66,29.18,14.09,21.66
2008,96,17.16,28.18,13.59,20.1
2008,97,16.66,28.68,13.09,20.17
2008,98,18.16,25.18,14.65,19.66
2008,99,18.16,26.18,14.09,19.66
2008,100,17.67,28.18,14.09,21.16
2008,101,17.16,27.68,12.59,19.66
2008,102,16.66,28.68,12.59,19.66
2008,103,16.67,28.18,14.09,19.17
2008,104,17.17,27.68,15.15,19.67
2008,105,17.67,26.68,15.09,20.66
2008,106,18.18,27.68,16.09,20.66
2008,107,17.67,26.68,15.59,20.16
2008,108,18.16,24.17,14.59,18.16
2008,109,18.18,24.68,13.09,18.66
2008,110,17.17,27.18,13.15,19.16
2008,111,17.17,25.18,14.15,18.67
2008,112,18.18,25.68,14.65,19.66
2008,113,17.17,27.18,13.09,19.66
2008,114,16.17,28.18,13.09,19.66
2008,115,16.66,25.17,11.58,19.66
2008,116,15.66,24.17,14.65,20.16
2008,117,17.16,25.67,13.65,19.66
2008,118,16.66,26.17,14.16,20.66
2008,119,14.65,26.17,14.66,22.16
2008,120,15.15,27.17,14.15,20.66
2008,121,16.16,25.17,15.65,19.17
2008,122,18.66,24.67,14.15,17.67
2008,123,18.66,22.17,14.15,17.66
2008,127,18.13,24.13,13.18,18.66
2008,128,17.13,26.13,12.65,18.16
2008,129,14.17,26.18,13.59,17.69
2008,130,14.67,25.18,14.09,17.69
2008,131,16.17,26.18,14.09,18.1
2008,132,17.67,23.63,14.59,18.19
2008,133,16.67,25.63,13.09,18.69
2008,134,16.67,24.63,12.59,18.69
2008,135,18.68,23.63,13.65,17.19
2008,136,17.67,26.18,14.09,17.6
2008,137,17.17,27.18,14.09,19.1
2008,138,17.67,26.18,12.08,18.6
2008,139,14.67,26.68,9.07,18.6
2008,140,12.16,24.18,7.06,17.1
2008,141,10.65,24.68,7.57,16.19
2008,142,11.66,24.18,9.07,16.19
2008,143,12.16,25.18,10.64,17.19
2008,144,17.63,22.68,13.15,16.66
2008,145,17.67,23.68,13.68,16.66
2008,146,17.67,21.68,14.09,16.66
2008,147,17.67,21.18,12.65,16.15
2008,148,17.17,21.68,13.59,15.65
2008,149,16.67,23.13,13.18,16.19
2008,150,15.17,23.68,12.08,16.19
2008,151,12.66,23.13,8.57,15.18
2008,152,12.16,22.18,8.07,14.68
2008,153,14.17,24.18,9.58,17.1
2008,154,14.62,24.18,11.08,18.1
2008,155,14.17,25.68,12.08,20.1
2008,156,18.68,24.68,15.59,19.1
2008,157,19.68,26.18,16.6,19.6
2008,158,19.18,26.68,16.09,19.1
2008,159,17.67,25.63,15.09,18.1
2008,160,16.67,24.68,14.59,17.6
2008,161,18.68,24.63,15.09,17.19
2008,162,18.68,25.13,14.59,16.69
2008,163,18.68,23.68,14.68,16.69
2008,164,18.18,24.13,14.59,16.69
2008,165,16.67,23.18,12.59,16.19
2008,166,16.17,25.63,12.08,16.09
2008,167,14.17,22.13,12.08,14.09
2008,168,13.66,19.63,10.08,13.09
2008,169,16.67,21.18,12.08,15.59
2008,170,18.68,22.68,15.09,16.6
2008,171,17.17,24.18,13.59,17.1
2008,172,15.67,25.18,12.08,17.1
2008,173,15.17,23.68,13.09,16.6
2008,174,12.66,22.18,8.07,14.59
2008,175,11.16,21.18,8.57,13.59
2008,176,11.66,21.18,11.08,15.18
2008,177,14.17,21.63,12.17,14.18
2008,178,16.17,22.63,12.59,15.18
2008,179,16.13,21.63,12.68,15.69
2008,180,18.13,22.18,13.18,15.18
2008,181,18.18,21.13,13.68,15.59
2008,182,17.63,23.18,13.68,16.6
2008,183,14.67,24.68,12.08,17.19
2008,184,14.67,24.68,10.58,17.66
2008,185,12.16,24.18,8.57,15.65
2008,186,11.66,23.18,9.58,14.68
2008,187,11.66,23.13,10.08,15.18
2008,188,14.17,22.68,12.15,15.65
2008,189,16.17,20.18,12.08,15.18
2008,190,15.67,19.63,11.08,14.68
2008,191,11.16,20.68,7.06,14.18
2008,192,10.65,21.18,6.06,14.65
2008,193,9.15,21.68,5.06,15.18
2008,194,10.65,21.68,8.07,15.69
2008,195,16.17,25.68,13.59,18.19
2008,196,17.17,24.18,15.09,17.69
2008,197,19.13,23.63,15.15,18.19
2008,198,18.68,21.63,14.15,17.19
2008,199,18.68,22.68,13.65,16.69
2008,200,18.68,24.18,14.15,17.6
2008,201,17.13,23.13,13.18,16.6
2008,202,16.67,22.68,12.65,19.6
2008,203,20.13,22.18,14.15,18.19
2008,204,19.18,21.18,12.65,16.69
2008,205,16.67,20.63,10.64,16.19
2008,206,14.67,21.18,10.14,16.19
2008,207,13.16,23.68,8.57,15.18
2008,208,12.16,21.68,8.13,15.09
2008,209,10.65,23.68,7.57,18.1
2008,210,11.66,24.18,7.57,17.19
2008,211,9.15,20.18,5.62,13.68
2008,212,10.62,20.63,5.12,14.18
2008,213,12.62,23.13,9.14,16.15
2008,214,14.12,23.63,10.14,17.66
2008,215,12.62,24.63,10.67,20.16
2008,216,13.12,24.13,12.65,17.69
2008,217,17.13,23.63,12.65,17.19
2008,218,14.12,24.63,12.15,18.66
2008,219,13.62,23.13,10.14,16.66
2008,246,17.67,26.18,NA,NA
2008,247,17.17,26.68,14.09,17.6
2008,248,17.17,26.68,14.09,19.6
2008,249,17.17,29.68,13.09,21.1
2008,250,18.63,29.18,15.09,21.1
2008,251,18.68,25.13,15.69,22.1
2008,252,21.18,25.68,16.6,23.1
2008,253,18.68,23.63,14.59,18.69
2008,254,18.68,21.63,14.59,16.69
2008,255,19.18,21.63,15.09,16.69
2008,256,19.18,25.18,14.68,18.1
2008,257,17.67,26.68,14.09,19.6
2008,258,16.67,27.68,14.09,20.6
2008,259,17.17,28.68,13.09,21.6
2008,260,17.67,28.18,13.59,22.1
2008,261,16.67,28.68,13.59,20.6
2008,262,16.67,28.18,14.68,20.6
2008,263,16.17,28.18,14.09,20.6
2008,264,16.67,27.18,14.18,18.69
2008,265,17.17,27.68,14.18,19.6
2008,266,16.67,28.18,14.59,20.1
2008,267,17.17,29.68,14.09,24.1
2008,268,18.68,29.68,15.09,21.1
2008,269,18.68,26.68,14.09,18.69
2008,270,17.67,26.68,13.65,18.66
2008,271,17.17,25.63,12.65,18.19
2008,272,17.17,27.18,13.09,19.16
2008,273,15.67,30.18,11.58,21.66
2008,274,14.17,32.68,12.08,23.66
2008,275,16.67,28.68,15.09,20.1
2008,276,17.67,26.68,15.18,19.16
2008,277,21.18,27.18,16.66,19.6
2008,278,21.18,27.18,16.19,20.6
2008,279,20.68,26.68,16.15,20.1
2008,280,20.18,28.18,16.09,21.6
2008,281,20.18,30.68,16.09,23.1
2008,282,19.63,29.68,15.09,23.66
2008,283,18.13,28.68,15.09,20.6
2008,284,19.63,29.68,16.19,20.6
2008,285,19.68,29.18,16.6,21.1
2008,286,21.68,27.13,17.1,20.19
2008,287,21.18,26.18,16.66,19.16
2008,288,20.68,26.68,17.1,19.66
2008,289,20.63,26.63,15.69,20.66
2008,290,20.13,28.13,15.18,21.16
2008,291,20.13,27.63,16.15,19.66
2008,292,19.18,25.63,15.15,19.16
2008,293,19.68,22.18,14.65,18.66
2008,294,18.68,22.18,14.15,18.66
2008,295,18.18,22.68,13.65,19.16
2008,296,17.17,28.68,12.59,22.66
2008,297,15.67,27.68,12.08,21.16
2008,298,16.17,27.18,13.09,19.66
2008,299,15.17,27.18,12.59,19.1
2008,300,15.17,27.68,14.09,19.66
2008,301,16.17,27.18,14.18,19.16
2008,302,18.18,26.63,14.18,20.66
2008,303,17.67,28.18,14.68,21.16
2008,304,17.17,28.68,14.09,21.6
2008,305,19.68,29.18,16.6,22.1
2008,306,19.68,28.68,16.09,20.16
2008,307,18.18,27.68,14.65,19.66
2008,308,19.68,29.18,15.15,22.6
2008,309,20.68,30.18,14.09,24.6
2008,310,20.18,31.68,14.59,26.1
2008,311,19.63,32.68,14.09,26.1
2008,312,21.68,32.68,16.6,26.6
2008,313,22.13,30.68,18.1,24.1
2008,314,22.13,29.68,17.69,23.2
2008,315,21.68,27.13,17.69,20.19
2008,316,20.18,28.13,16.09,20.67
2008,317,18.68,28.68,16.09,20.7
2008,318,18.68,29.68,15.59,22.1
2008,319,18.68,30.68,16.09,22.17
2008,320,18.18,30.68,15.59,22.6
2008,321,18.68,30.68,15.18,23.17
2008,322,22.18,33.17,17.1,24.6
2008,323,23.13,29.18,18.67,24.1
2008,324,20.18,26.63,17.6,22.6
2008,325,20.68,31.68,16.09,25.1
2008,326,20.18,33.17,17.1,27.67
2008,327,22.18,35.17,19.1,28.6
2008,328,24.13,34.67,17.66,28.6
2008,329,22.68,34.17,17.16,29.1
2008,330,21.68,34.17,19.1,26.67
2008,331,22.63,33.67,18.1,25.6
2008,332,22.13,30.13,17.19,25.6
2008,333,22.68,28.63,18.17,23.6
2008,334,22.68,28.13,19.19,23.2
2008,335,22.63,30.18,18.6,23.6
2008,336,23.13,31.18,19.6,24.17
2008,337,23.13,30.68,18.69,24.17
2008,338,19.18,29.68,16.09,24.1
2008,339,19.18,30.68,15.59,24.17
2008,340,22.13,30.18,17.6,24.1
2008,341,22.63,30.68,18.6,24.6
2008,342,22.63,32.18,18.1,26.6
2008,343,23.13,32.68,20.17,27.1
2008,344,24.63,32.68,20.6,27.1
2008,345,23.13,30.68,20.1,26.1
2008,346,21.68,31.18,18.16,26.1
2008,347,22.63,31.68,15.15,25.1
2008,348,23.13,32.18,18.6,25.6
2008,349,23.13,33.67,19.16,27.1
2008,350,21.68,31.68,17.66,25.1
2008,351,22.63,31.68,18.6,25.1
2008,352,21.68,29.68,17.66,24.1
2008,353,22.63,30.18,17.69,25.6
2008,354,21.68,30.18,17.6,25.1
2008,355,22.68,31.68,16.6,25.6
2008,356,21.63,31.18,17.1,26.1
2008,357,23.13,29.68,18.19,23.6
2008,358,22.68,27.68,18.67,22.17
2008,359,20.18,29.68,15.15,24.17
2008,360,20.63,30.68,16.09,24.67
2008,361,21.13,30.13,17.1,23.6
2008,362,22.68,26.18,19.16,22.1
2008,363,23.13,30.68,19.19,23.67
2008,364,22.63,29.18,18.17,24.1
2008,365,23.18,30.18,19.17,23.16
2008,366,22.63,30.18,18.19,24.1
2009,1,22.13,29.68,18.19,24.6
2009,2,22.18,30.18,18.17,23.6
2009,3,22.13,31.68,18.19,23.1
2009,4,22.63,28.18,18.69,22.7
2009,5,23.13,28.18,18.67,23.1
2009,6,22.63,27.18,18.66,23.1
2009,7,22.63,28.18,18.19,23.6
2009,8,22.18,29.18,18.16,23.6
2009,9,22.63,26.18,16.69,21.6
2009,10,22.13,27.68,17.69,21.67
2009,11,21.68,26.68,16.15,20.17
2009,12,20.18,25.13,15.66,21.2
2009,13,21.63,26.13,15.66,21.6
2009,14,21.13,30.18,17.19,23.1
2009,15,22.63,30.68,18.16,23.1
2009,16,22.13,28.18,18.19,23.1
2009,17,22.63,31.18,18.66,23.6
2009,18,23.18,29.18,18.67,22.6
2009,19,21.63,28.68,16.69,21.6
2009,20,22.13,28.18,17.69,21.67
2009,21,22.13,29.18,17.69,23.1
2009,22,22.68,30.68,18.6,23.67
2009,23,22.63,28.68,19.16,23.1
2009,24,21.63,30.18,17.69,23.6
2009,25,23.13,30.18,18.6,23.1
2009,26,23.13,29.18,18.17,23.6
2009,27,23.18,27.63,18.16,21.2
2009,28,22.18,27.18,17.16,20.19
2009,29,21.68,26.13,17.16,20.7
2009,30,21.63,26.63,18.17,21.7
2009,31,22.68,25.13,18.17,20.6
2009,32,22.68,24.18,18.67,21.17
2009,33,23.63,29.13,19.66,23.16
2009,34,23.63,27.13,19.17,22.1
2009,35,23.18,26.63,17.66,21.16
2009,36,22.68,26.13,19.1,21.66
2009,37,22.68,26.63,19.1,21.6
2009,38,23.18,26.68,20.6,23.1
2009,39,23.63,27.13,20.1,22.6
2009,40,23.18,27.18,19.66,24.1
2009,41,23.13,29.18,19.66,25.1
2009,42,22.63,30.68,20.1,25.6
2009,43,23.63,31.18,19.6,23.6
2009,44,23.13,30.68,19.1,23.1
2009,45,23.63,29.68,18.66,22.6
2009,46,23.13,31.18,18.66,24.6
2009,47,22.63,31.18,18.1,25.1
2009,48,20.68,31.68,16.6,24.66
2009,49,20.18,32.18,16.6,24.6
2009,50,20.18,31.68,16.09,24.6
2009,51,22.63,31.18,17.6,25.6
2009,52,22.63,30.68,18.66,24.6
2009,53,23.13,27.68,19.16,22.1
2009,54,23.18,27.18,18.66,23.1
2009,55,22.68,28.68,18.16,22.6
2009,56,22.68,28.68,17.66,23.1
2009,57,22.68,26.18,18.16,21.2
2009,58,23.13,27.18,18.66,21.2
2009,59,20.68,29.68,17.16,22.2
2009,60,19.63,30.18,16.69,22.1
2009,61,19.68,29.68,16.66,23.1
2009,62,20.18,29.68,17.16,23.1
2009,63,21.18,30.68,18.66,22.6
2009,64,22.18,31.18,19.16,24.6
2009,65,22.18,25.68,18.6,20.6
2009,66,22.13,28.68,18.19,21.66
2009,67,21.18,30.68,17.6,22.6
2009,68,21.68,31.68,18.1,24.1
2009,69,22.13,31.18,18.1,22.7
2009,70,22.68,29.18,19.1,22.6
2009,71,22.68,27.18,19.1,21.1
2009,72,22.18,27.18,18.66,23.1
2009,73,22.13,26.68,18.6,22.7
2009,74,22.18,28.68,18.16,22.6
2009,75,20.68,30.18,17.66,23.1
2009,76,20.63,27.68,17.19,21.7
2009,77,21.18,26.68,18.19,22.1
2009,78,22.18,26.18,18.16,21.7
2009,79,21.68,28.18,18.16,22.2
2009,80,21.18,28.68,17.16,22.6
2009,81,21.18,29.68,17.6,22.6
2009,82,20.68,28.68,16.09,20.7
2009,83,20.68,29.18,16.66,20.6
2009,84,20.18,26.68,16.69,20.19
2009,85,20.18,25.68,14.68,19.19
2009,86,19.68,28.18,15.18,20.1
2009,87,19.68,27.18,16.09,19.69
2009,88,20.18,27.68,16.09,20.7
2009,89,18.68,28.18,15.09,20.7
2009,90,17.17,30.18,13.59,21.6
2009,91,16.67,31.18,13.59,22.6
2009,92,18.18,30.68,14.09,23.6
2009,93,16.17,30.68,14.09,23.6
2009,94,17.17,30.18,15.59,23.1
2009,95,19.18,30.68,16.6,23.1
2009,96,21.18,29.68,17.1,22.6
2009,97,20.68,29.18,18.1,21.1
2009,98,22.18,25.18,18.19,20.19
2009,99,21.68,24.68,18.1,20.6
2009,100,21.68,25.68,18.19,20.1
2009,101,22.68,28.18,18.19,20.6
2009,102,22.18,27.18,18.1,20.1
2009,103,22.68,25.68,19.1,21.1
2009,104,22.68,27.68,19.1,21.1
2009,105,22.18,28.68,18.6,22.17
2009,106,21.68,28.68,18.6,23.1
2009,107,22.68,27.68,18.1,21.6
2009,108,19.68,28.18,15.16,20.6
2009,109,18.68,28.18,14.59,21.1
2009,110,18.18,26.68,13.09,20.17
2009,111,17.67,27.68,13.59,20.6
2009,112,17.67,27.18,14.59,19.6
2009,113,17.17,27.68,14.59,19.69
2009,114,18.68,27.68,14.16,20.6
2009,115,17.17,28.18,13.09,21.1
2009,116,17.67,29.18,13.09,22.1
2009,117,17.67,28.18,14.59,21.2
2009,118,16.17,28.68,13.09,20.7
2009,119,17.17,27.18,15.09,20.1
2009,120,17.67,27.68,14.59,19.6
2009,121,17.17,26.18,14.66,19.69
2009,122,19.68,25.18,14.66,19.1
2009,123,18.68,24.68,15.18,19.19
2009,124,19.68,23.68,15.16,18.17
2009,125,19.18,25.68,12.15,18.17
2009,126,19.68,24.63,14.66,17.69
2009,127,19.18,23.13,14.66,17.16
2009,128,19.68,22.63,14.16,17.19
2009,129,19.18,22.63,14.16,17.19
2009,130,18.68,22.18,13.66,17.19
2009,131,19.18,21.68,13.15,16.69
2009,132,19.18,23.18,13.66,17.19
2009,133,19.18,23.13,14.66,17.19
2009,134,19.68,25.13,15.16,18.69
2009,135,20.18,23.18,14.16,17.69
2009,136,15.17,24.18,10.64,17.19
2009,137,15.17,24.18,12.15,16.69
2009,138,14.67,24.68,13.65,16.69
2009,139,16.17,25.18,13.15,18.19
2009,140,17.17,25.68,12.65,19.19
2009,141,14.12,24.63,10.67,16.69
2009,142,12.16,24.18,9.14,16.69
2009,143,11.66,24.68,9.64,16.69
2009,144,13.66,24.68,10.65,17.69
2009,145,14.17,24.18,12.17,17.69
2009,146,19.18,20.68,13.15,17.19
2009,147,19.18,24.18,15.15,17.16
2009,148,17.67,24.68,14.15,17.16
2009,149,16.17,24.68,13.15,17.16
2009,150,16.17,25.18,13.15,17.69
2009,151,19.18,22.68,14.16,16.66
2009,152,17.67,22.68,14.66,16.69
2009,153,18.68,23.18,14.65,16.19
2009,154,16.67,24.18,14.15,17.69
2009,155,18.18,25.18,12.65,17.69
2009,156,15.67,25.18,12.65,17.69
2009,157,15.67,25.68,13.65,18.69
2009,158,17.17,26.68,13.18,19.16
2009,159,16.67,25.18,11.15,18.69
2009,160,15.17,23.18,9.64,17.69
2009,161,13.16,22.68,8.64,16.69
2009,162,11.66,22.18,9.14,16.19
2009,163,12.66,21.18,9.14,15.69
2009,164,12.16,23.68,9.64,16.19
2009,165,14.17,24.68,12.65,17.19
2009,166,16.17,25.18,11.65,18.19
2009,167,14.17,24.18,10.65,17.69
2009,168,14.67,24.18,9.64,17.69
2009,169,17.17,20.68,13.15,17.19
2009,170,15.67,20.68,10.65,15.18
2009,171,13.66,15.67,10.14,16.16
2009,182,20.63,23.63,12.59,20.1
2009,183,15.63,24.63,9.07,21.17
2009,184,15.63,25.13,9.07,19.19
2009,185,14.12,23.13,5.56,16.19
2009,186,13.62,20.13,8.07,16.6
2009,187,15.63,20.13,9.58,16.19
2009,188,16.63,24.13,11.58,18.6
2009,189,17.13,22.63,12.08,18.1
2009,190,16.63,22.63,12.08,16.19
2009,191,15.63,21.13,9.64,16.69
2009,192,14.62,23.13,9.14,15.69
2009,193,16.13,22.13,11.08,16.16
2009,194,16.63,22.63,12.59,18.1
2009,195,16.63,24.63,11.08,19.17
2009,209,13.16,22.68,11.58,16.66
2009,210,15.17,22.68,10.14,15.66
2009,211,15.17,20.18,9.64,15.66
2009,212,12.66,21.68,9.07,16.16
2009,213,12.66,20.68,9.64,15.66
2009,214,15.17,23.68,9.64,15.66
2009,215,17.67,21.18,11.15,16.66
2009,216,14.17,22.68,11.15,16.66
2009,217,12.66,25.18,9.64,17.66
2009,218,11.66,20.68,10.58,17.19
2009,219,14.67,25.13,11.64,17.19
2009,220,12.66,25.18,10.58,17.16
2009,221,11.16,24.18,9.58,16.19
2009,222,14.67,26.18,12.65,18.1
2009,223,14.67,26.68,11.64,17.69
2009,224,16.17,25.18,12.65,18.6
2009,225,14.67,27.18,10.08,19.17
2009,226,10.15,28.68,9.58,21.17
2009,227,10.15,29.68,10.08,21.67
2009,228,14.17,27.68,11.08,19.6
2009,229,14.67,27.18,12.59,18.6
2009,230,13.16,27.18,11.58,19.17
2009,232,15.17,25.68,12.59,17.66
2009,233,13.16,26.68,12.08,19.1
2009,234,13.66,28.68,11.58,20.67
2009,235,14.67,27.68,10.58,20.17
2009,236,14.17,26.18,13.09,20.6
2009,237,16.67,29.18,13.09,22.1
2009,238,18.18,29.68,12.59,21.6
2009,239,17.17,28.68,14.16,20.1
2009,240,16.17,28.68,13.09,20.6
2009,241,15.17,28.68,14.59,21.1
2009,242,17.17,29.18,11.08,21.6
2009,243,14.17,30.18,10.08,22.67
2009,244,16.67,26.68,11.08,21.6
2009,245,18.18,29.68,14.68,19.69
2009,246,18.18,23.68,15.16,19.1
2009,247,18.18,27.18,14.16,19.1
2009,248,16.67,29.18,13.09,22.67
2009,249,16.17,30.68,12.59,23.1
2009,250,16.67,29.68,12.08,23.1
2009,251,15.67,31.68,13.68,24.6
2009,252,16.67,30.18,12.15,24.6
2009,253,14.67,29.18,10.58,21.67
2009,254,16.17,30.18,12.08,21.6
2009,255,16.17,27.68,14.59,19.17
2009,256,16.67,25.18,14.59,18.19
2009,257,17.67,26.68,14.18,20.1
2009,258,17.17,27.68,14.16,20.6
2009,259,16.67,28.18,14.16,20.1
2009,260,17.67,27.18,14.09,18.69
2009,261,15.67,25.68,12.68,16.6
2009,262,16.17,28.68,13.59,20.6
2009,263,14.17,29.68,12.59,22.1
2009,264,15.17,29.68,11.58,21.6
2009,265,14.67,30.18,10.58,23.6
2009,266,18.68,32.68,13.59,26.67
2009,267,15.67,29.68,11.58,24.1
2009,268,14.17,29.68,12.59,23.1
2009,269,15.67,30.68,13.09,25.6
2009,270,16.17,31.18,13.09,24.1
2009,271,14.17,29.68,11.58,23.1
2009,272,17.67,30.18,13.15,23.6
2009,273,17.67,30.18,15.16,23.6
2009,274,16.17,29.18,14.66,23.1
2009,275,15.67,31.68,14.09,27.6
2009,276,18.18,32.68,15.59,28.17
2009,277,17.67,31.68,15.59,27.17
2009,278,15.67,33.17,12.59,27.1
2009,279,14.17,31.18,13.59,25.1
2009,280,17.67,30.18,15.59,24.6
2009,281,16.67,31.68,12.08,26.6
2009,282,18.18,28.18,15,23.1
2009,283,17.67,27.18,13.5,20.6
2009,284,16.67,27.68,13.5,22.1
2009,285,16.17,30.68,12.5,25.1
2009,286,14.67,31.68,11.58,26.6
2009,287,15.17,35.17,12.08,28.6
2009,288,16.67,33.67,14.09,28.17
2009,289,14.67,34.67,13.09,28.6
2009,290,14.17,34.17,11.58,26.67
2009,291,18.68,31.18,16,24.6
2009,292,18.68,24.13,14,19.67
2009,293,16.17,27.18,12,19.67
2009,294,18.18,27.18,12.5,21.17
2009,295,17.67,26.63,13.5,19.17
2009,296,17.17,26.68,14,19.69
2009,297,17.17,26.68,13,21.17
2009,298,16.17,29.18,13,23.67
2009,299,15.67,31.68,9.07,25.67
2009,300,17.67,28.68,13.09,23.1
2009,301,19.13,28.13,15.5,22.6
2009,302,20.63,24.18,15,20.17
2009,303,20.18,24.13,15.5,19.1
2009,304,19.63,26.18,14.5,18.17
2009,305,19.18,26.68,15,20.67
2009,306,17.67,25.13,13,19.17
2009,307,16.67,26.68,12.59,19.17
2009,308,16.17,28.18,12.59,21.6
2009,309,18.18,29.18,15.09,22.17
2009,326,22.18,27.68,16.62,24.1
2009,327,21.18,29.68,15.62,23.6
2009,328,19.18,28.68,14.59,22.1
2009,329,20.68,25.18,16.66,20.1
2009,330,21.68,28.18,17.1,21.17
2009,331,20.68,29.68,14.62,23.1
2009,332,19.18,29.68,15.59,25.17
2009,334,21.68,32.68,16.09,28.67
2009,335,20.68,33.17,14.59,28.17
2009,336,19.18,32.18,13.09,26.1
2009,337,21.18,30.18,16.6,25.1
2009,338,21.18,29.68,17.62,24.1
2009,339,20.18,30.18,15.59,24.1
2009,340,18.18,29.68,14.59,24.1
2009,341,21.68,25.68,18.1,23.17
2009,342,20.18,28.68,14.11,23.67
2009,343,18.68,30.18,13.61,24.17
2009,344,20.68,29.68,17.19,26.1
2009,345,23.68,30.68,18.62,26.1
2009,346,22.18,30.68,17.12,26.6
2009,347,20.18,29.68,16.62,23.67
2009,348,19.68,29.68,16.12,24.1
2009,349,21.18,30.68,17.69,23.1
2009,351,20.68,28.18,17.1,21.67
2009,352,20.68,28.18,16.62577,24.1
2009,353,19.68,30.18,16.62577,25.1
2009,354,20.68,29.68,16.09,25.17
2009,355,20.18,31.68,16.09,27.1
2009,356,22.68,31.68,17.1,27.6
2009,357,23.68,31.68,18.12864,28.1
2009,358,22.18,32.18,16.62577,28.1
2009,359,23.18,31.18,18.12864,26.6
2009,360,22.68,28.18,16.62577,22.1
2009,361,21.68,27.68,15.62356,23.17
2009,362,22.18,31.18,18.12864,25.1
2009,363,22.68,30.68,18.12864,25.6
2009,364,23.18,30.68,17.62774,25.6
2009,365,23.18,26.68,18.62947,24.1
2010,1,23.18,28.68,17.62774,23.6
2010,2,23.18,27.68,18.12864,25.1
2010,3,23.18,29.68,18.12864,25.1
2010,4,22.18,30.18,18.12864,25.1
2010,5,22.68,30.18,18.62947,25.48
2010,6,22.68,29.18,18.12864,23.6
2010,7,22.18,30.68,17.62774,25.35
2010,8,22.68,30.68,17.12678,24.73
2010,9,22.68,25.68,18.62947,22.2
2011,78,22.63,27.13,19.19,22.2
2011,79,23.13,29.13,18.69,22.7
2011,80,22.13,27.13,18.69,22.2
2011,81,22.13,26.13,18.19,21.7
2011,82,22.13,27.63,18.69,21.7
2011,83,23.13,27.13,20.19,22.7
2011,84,22.63,27.63,19.69,23.2
2011,85,23.13,25.13,18.69,20.19
2011,86,22.63,25.63,18.69,20.19
2011,87,22.13,26.63,18.69,21.2
2011,88,23.13,27.13,19.19,21.7
2011,89,23.13,26.63,19.69,21.2
2011,90,23.63,26.13,19.69,20.7
2011,91,23.63,25.13,19.19,21.2
2011,92,22.63,25.63,18.69,20.7
2011,93,22.63,25.63,18.69,20.7
2011,94,21.63,24.13,17.69,19.19
2011,95,21.13,24.13,16.19,19.19
2011,96,21.63,23.63,17.19,18.19
2011,97,21.63,24.13,16.69,18.19
2011,98,21.63,24.63,17.69,18.69
2011,99,21.13,23.63,16.69,18.69
2011,100,20.13,25.63,NA,NA
2011,101,20.13,26.63,NA,NA
2011,102,19.63,26.63,NA,NA
2011,103,17.62,26.63,NA,NA
2011,104,18.62,26.13,NA,NA
2011,105,17.12,26.13,NA,NA
2011,106,18.62,26.63,NA,NA
2011,107,19.63,26.13,NA,NA
2011,108,20.13,23.63,NA,NA
2011,109,21.13,23.63,NA,NA
2011,110,19.63,25.63,NA,NA
2011,111,19.12,25.13,NA,NA
2011,112,18.12,26.63,NA,NA
2011,113,20.63,27.13,NA,NA
2011,114,21.13,26.63,NA,NA
2011,115,19.63,26.63,NA,NA
2011,116,20.63,25.13,NA,NA
2011,117,19.63,25.13,15.69,18.19
2011,118,18.62,23.13,14.68,16.69
2011,119,18.62,24.63,14.18,18.69
2011,120,18.12,25.63,15.18,18.69
2008,124,NA,NA,13.65,19.66
2008,125,NA,NA,14.65,18.66
2008,126,NA,NA,14.15,18.16
2008,220,NA,NA,8.63,15.65
2008,221,NA,NA,8.63,14.65
2008,222,NA,NA,9.14,13.65
2008,223,NA,NA,9.14,15.15
2008,224,NA,NA,8.63,15.15
2008,225,NA,NA,7.13,13.15
2009,172,NA,NA,10.58,16.66
2009,173,NA,NA,12.15,17.1
2009,174,NA,NA,11.65,18.1
2009,175,NA,NA,12.59,18.1
2009,176,NA,NA,12.65,18.6
2009,177,NA,NA,13.66,21.6
2009,178,NA,NA,14.09,21.6
2009,179,NA,NA,11.65,20.6
2009,180,NA,NA,11.58,19.6
2009,181,NA,NA,13.15,19.6
2009,196,NA,NA,8.07,18.6
2009,197,NA,NA,5.56,16.6
2009,198,NA,NA,5.56,14.68
2009,199,NA,NA,7.13,15.59
2009,200,NA,NA,9.14,16.6
2009,201,NA,NA,10.65,17.19
2009,202,NA,NA,12.59,16.19
2009,203,NA,NA,12.59,16.6
2009,204,NA,NA,11.08,18.17
2009,205,NA,NA,12.59,19.67
2009,206,NA,NA,12.59,16.16
2009,207,NA,NA,11.15,16.16
2009,208,NA,NA,11.64,17.16
2009,333,NA,NA,14.59,26.6
2009,350,NA,NA,17.1,21.17
2010,10,NA,NA,18.12864,20.41
2010,11,NA,NA,17.85,21.67
2010,12,NA,NA,18.12864,20.98
2010,13,NA,NA,17.19,20.98
2010,14,NA,NA,15.62356,23.54
2010,15,NA,NA,17.12678,24.42
2010,16,NA,NA,19.13025,25.42
2010,17,NA,NA,17.12678,24.98
2010,18,NA,NA,18.12864,25.92
2010,19,NA,NA,16.12469,24.85
2010,20,NA,NA,17.91,21.16
2010,21,NA,NA,19.1,21.29
2010,22,NA,NA,18.12864,20.85
2010,23,NA,NA,19.13025,21.92
2010,24,NA,NA,19.63097,21.42
2010,25,NA,NA,20.13163,22.79
2010,26,NA,NA,19.13025,21.42
2010,27,NA,NA,19.63097,23.67
2010,28,NA,NA,18.62947,22.54
2010,29,NA,NA,19.13025,21.6
2010,30,NA,NA,19.63097,22.6
2010,31,NA,NA,19.13025,23.29
2010,32,NA,NA,18.6,23.67
2010,33,NA,NA,18.85,26.29
2010,34,NA,NA,19.41,26.48
2010,35,NA,NA,19.48,26.98
2010,36,NA,NA,19.13025,26.48
2010,37,NA,NA,19.13025,26.35
2010,38,NA,NA,19.13025,25.54
2010,39,NA,NA,17.62774,24.98
2010,40,NA,NA,17.62774,25.04
2010,41,NA,NA,18.62947,21.79
2010,42,NA,NA,18.62947,21.13277
2010,43,NA,NA,18.62947,21.13277
2010,44,NA,NA,17.62774,21.13277
2010,45,NA,NA,18.62947,21.63325
2010,46,NA,NA,18.62947,23.13434
2010,47,NA,NA,19.63097,22.63404
2010,48,NA,NA,18.12864,22.13367
2010,49,NA,NA,19.63097,21.63325
2010,50,NA,NA,18.62947,21.63325
2010,51,NA,NA,18.62947,20.13163
2010,52,NA,NA,18.62947,20.13163
2010,53,NA,NA,18.62947,20.13163
2010,54,NA,NA,19.13025,20.63223
2010,55,NA,NA,16.62577,20.63223
2010,56,NA,NA,18.12864,21.13277
2011,77,NA,NA,19.69,20.7
2011,121,NA,NA,14.68,17.69
2011,122,NA,NA,15.18,18.19
2011,123,NA,NA,15.69,20.19
2011,124,NA,NA,16.19,19.69
2011,125,NA,NA,14.18,18.69
2011,126,NA,NA,13.18,17.19
2011,127,NA,NA,13.18,18.69
2011,128,NA,NA,15.69,17.69
2011,129,NA,NA,15.69,20.19
2011,130,NA,NA,13.68,18.69
2011,131,NA,NA,12.17,16.69
2011,132,NA,NA,11.67,16.69
2011,133,NA,NA,10.67,16.19
2011,134,NA,NA,10.67,16.19
2011,135,NA,NA,12.17,16.69
2011,136,NA,NA,13.18,16.19
2011,137,NA,NA,13.68,15.18
2011,138,NA,NA,13.18,16.19
2011,139,NA,NA,14.18,16.69
2011,140,NA,NA,14.68,16.69
2011,141,NA,NA,15.18,17.69
