"","julian","mean","max","min","elevation","micro"
"1",1,5.23101045296167,8.2,2.4,"low","soil"
"2",2,5.15517361111111,8.1,1.9,"low","soil"
"3",3,5.45784722222222,9,2.3,"low","soil"
"4",4,5.78020833333333,9,2.3,"low","soil"
"5",5,5.75979166666667,8.63,2,"low","soil"
"6",6,6.07097222222222,8.86,2.1,"low","soil"
"7",7,6.03725694444444,8.32,2.7,"low","soil"
"8",8,5.89045138888889,8.86,2.7,"low","soil"
"9",9,6.10572916666667,10.46,2.7,"low","soil"
"10",10,6.3034375,10.58,3.2,"low","soil"
"11",11,6.43739583333333,10.67,2.9,"low","soil"
"12",12,6.46149305555556,10.9,1.8,"low","soil"
"13",13,6.30534722222222,10.67,1.2,"low","soil"
"14",14,6.07482638888889,10.56,0.9,"low","soil"
"15",15,6.61046762589928,10.2,0.4,"low","soil"
"16",16,7.85108333333333,10.9,5.16,"low","soil"
"17",17,8.07966666666667,12.1,5.94,"low","soil"
"18",18,7.913625,12,5.2,"low","soil"
"19",19,8.02995833333333,11.8,4.7,"low","soil"
"20",20,8.1105,11.7,4.1,"low","soil"
"21",21,8.22120833333333,11.3,4.8,"low","soil"
"22",22,8.30333333333333,11.3,5.3,"low","soil"
"23",23,7.909375,10.7,4.3,"low","soil"
"24",24,8.19225,11.1,5.3,"low","soil"
"25",25,8.16583333333333,12.2,4.9,"low","soil"
"26",26,8.511625,12,5.1,"low","soil"
"27",27,8.868375,11.9,5.2,"low","soil"
"28",28,9.17354166666667,11.76,5.5,"low","soil"
"29",29,9.19516666666667,12,5.8,"low","soil"
"30",30,9.18157088122605,11.91,5.6,"low","soil"
"31",31,9.344375,12.3,6.2,"low","soil"
"32",32,9.10246527777778,12.2,5.2,"low","soil"
"33",33,8.0209375,11.5,2.6,"low","soil"
"34",34,7.52725694444444,11.3,0.8,"low","soil"
"35",35,7.64597222222222,11.33,1.1,"low","soil"
"36",36,8.18170138888889,11.48,2.3,"low","soil"
"37",37,8.69697916666667,11.94,4.4,"low","soil"
"38",38,9.34482638888889,12.3,5.5,"low","soil"
"39",39,9.84347222222222,13.1,5.5,"low","soil"
"40",40,9.8534375,12.9,5.7,"low","soil"
"41",41,9.884375,13.2,5.9,"low","soil"
"42",42,9.91211805555556,13.5,5.4,"low","soil"
"43",43,10.0422916666667,13.5,5.8,"low","soil"
"44",44,10.2835763888889,14.5,6.1,"low","soil"
"45",45,10.4137152777778,15.4,6.4,"low","soil"
"46",46,10.6336263736264,15.7,4.6,"low","soil"
"47",47,11.0199166666667,15.8,6.1,"low","soil"
"48",48,11.4172083333333,16.5,7,"low","soil"
"49",49,11.0105833333333,14.9,5.3,"low","soil"
"50",50,11.3344166666667,14.8,5.5,"low","soil"
"51",51,11.1467916666667,14.4,5.6,"low","soil"
"52",52,10.6144583333333,14.7,5.7,"low","soil"
"53",53,10.6958333333333,15,6.2,"low","soil"
"54",54,10.9688333333333,14.83,6.2,"low","soil"
"55",55,11.592625,16,7.1,"low","soil"
"56",56,11.2637916666667,15.9,6.3,"low","soil"
"57",57,11.2617916666667,15.8,6.5,"low","soil"
"58",58,10.8004583333333,15.8,4.9,"low","soil"
"59",59,10.901875,16.2,4,"low","soil"
"60",60,11.4942916666667,16.1,5.3,"low","soil"
"61",61,11.6990416666667,16.4,7.2,"low","soil"
"62",62,11.9638333333333,17.6,7.3,"low","soil"
"63",63,12.236875,17.1,7.2,"low","soil"
"64",64,12.3699583333333,17,7.9,"low","soil"
"65",65,12.9169583333333,17.4,8.8,"low","soil"
"66",66,13.41125,17.1,9.7,"low","soil"
"67",67,13.3159583333333,17.4,8.9,"low","soil"
"68",68,12.5788333333333,18.8,7.3,"low","soil"
"69",69,13.0727916666667,19.7,9,"low","soil"
"70",70,13.562125,20.9,9.2,"low","soil"
"71",71,14.0475,20.1,8.8,"low","soil"
"72",72,14.8778240740741,21.4,9.3,"low","soil"
"73",73,15.3501388888889,21.5,9.9,"low","soil"
"74",74,15.7440277777778,22.5,10.5,"low","soil"
"75",75,16.1016203703704,23.1,11,"low","soil"
"76",76,15.0672941176471,23.4,6.84,"low","soil"
"77",77,14.8865151515152,23.6,6.84,"low","soil"
"78",78,13.9723106060606,22.7,6.77,"low","soil"
"79",79,13.4121590909091,21.4,7.06,"low","soil"
"80",80,13.5066287878788,18.5,5.6,"low","soil"
"81",81,13.5135984848485,20,6.89,"low","soil"
"82",82,13.8880681818182,20.7,6.68,"low","soil"
"83",83,14.2947727272727,20.7,6.42,"low","soil"
"84",84,14.6346212121212,21,6.61,"low","soil"
"85",85,14.9792045454545,22,6.87,"low","soil"
"86",86,15.321553030303,22.4,7.29,"low","soil"
"87",87,15.6792741935484,23.4,7.72,"low","soil"
"88",88,16.2582575757576,24.3,8.18,"low","soil"
"89",89,16.3229166666667,24.4,6.42,"low","soil"
"90",90,16.5104924242424,26.1,5.26,"low","soil"
"91",91,16.8920075757576,27.4,4.9,"low","soil"
"92",92,16.9294318181818,27.6,5.55,"low","soil"
"93",93,16.6318560606061,26.7,5.82,"low","soil"
"94",94,16.5714393939394,26.4,6.39,"low","soil"
"95",95,17.1597727272727,26.7,7.81,"low","soil"
"96",96,17.3511742424242,23.5,8.63,"low","soil"
"97",97,17.5687878787879,24.7,9.23,"low","soil"
"98",98,17.8729545454545,23.6,9.55,"low","soil"
"99",99,17.1095075757576,25,9.85,"low","soil"
"100",100,16.8011742424242,24.7,7.7,"low","soil"
"101",101,17.39375,24.2,8.8,"low","soil"
"102",102,18.0742424242424,24.9,10.96,"low","soil"
"103",103,17.9440909090909,23.8,11.51,"low","soil"
"104",104,18.1931439393939,23.9,11.67,"low","soil"
"105",105,17.8483333333333,24.8,11.8,"low","soil"
"106",106,17.9518181818182,27,10.4,"low","soil"
"107",107,18.4975757575758,28.2,11.7,"low","soil"
"108",108,18.8429545454545,27.9,12.68,"low","soil"
"109",109,18.9668181818182,27.3,12.27,"low","soil"
"110",110,19.2931060606061,28.1,11.89,"low","soil"
"111",111,19.9903409090909,28.4,11.8,"low","soil"
"112",112,20.390221402214,28.7,11.73,"low","soil"
"113",113,19.4910714285714,29.7,10.9,"low","soil"
"114",114,20.1981547619048,30.1,10.4,"low","soil"
"115",115,20.7638988095238,30.1,13,"low","soil"
"116",116,20.7625297619048,31.1,13.39,"low","soil"
"117",117,20.3133035714286,31.8,13.72,"low","soil"
"118",118,20.743244047619,31.4,14.15,"low","soil"
"119",119,20.793869047619,28.9,14.39,"low","soil"
"120",120,20.6671130952381,28.7,14.2,"low","soil"
"121",121,20.7552976190476,29.2,13.4,"low","soil"
"122",122,21.0469642857143,29.4,15.3,"low","soil"
"123",123,21.5238095238095,29.3,14.2,"low","soil"
"124",124,22.0446428571429,30.8,13.21,"low","soil"
"125",125,22.2967261904762,32,12.56,"low","soil"
"126",126,22.59,31.9,13.3,"low","soil"
"127",127,22.7795535714286,32.5,14.06,"low","soil"
"128",128,22.5701785714286,32,14.5,"low","soil"
"129",129,22.4256547619048,33,13.9,"low","soil"
"130",130,21.9140178571429,31.9,14.15,"low","soil"
"131",131,21.879494047619,31.3,14.79,"low","soil"
"132",132,22.6284179104478,30.6,16.99,"low","soil"
"133",133,23.7743154761905,32.5,18.3,"low","soil"
"134",134,24.4026785714286,32.8,19.4,"low","soil"
"135",135,24.68,33.9,19.62,"low","soil"
"136",136,24.7590476190476,34.4,18.81,"low","soil"
"137",137,24.7967857142857,34.7,18.55,"low","soil"
"138",138,24.5734821428571,34.7,19.1,"low","soil"
"139",139,24.4850892857143,34.4,18.2,"low","soil"
"140",140,24.8601785714286,35.6,17.3,"low","soil"
"141",141,25.6787797619048,36.3,19.4,"low","soil"
"142",142,26.2013988095238,36.1,20.7,"low","soil"
"143",143,26.3528273809524,36.3,20.9,"low","soil"
"144",144,25.8330357142857,35.7,19.4,"low","soil"
"145",145,26.3434523809524,35.7,19.5,"low","soil"
"146",146,27.0852678571429,35.8,20.6,"low","soil"
"147",147,27.4366964285714,36.9,21.8,"low","soil"
"148",148,27.6677678571429,37.7,21.5,"low","soil"
"149",149,27.8585714285714,37.5,22,"low","soil"
"150",150,27.8364285714286,37.7,22.2,"low","soil"
"151",151,28.3832738095238,38,21.5,"low","soil"
"152",152,29.0084523809524,38,24.1,"low","soil"
"153",153,29.4652380952381,38.1,24.1,"low","soil"
"154",154,29.6092857142857,38.5,23.3,"low","soil"
"155",155,29.9845535714286,39.5,23.9,"low","soil"
"156",156,30.238005952381,40.4,25.2,"low","soil"
"157",157,30.3972321428571,41.1,24.3,"low","soil"
"158",158,30.6927976190476,41.4,24.7,"low","soil"
"159",159,30.0134722222222,37.6,24.2,"low","soil"
"160",160,29.999053030303,38,24.5,"low","soil"
"161",161,30.1756985294118,37.7,24.3,"low","soil"
"162",162,30.764880952381,39.2,25.1,"low","soil"
"163",163,30.35375,38.3,24.9,"low","soil"
"164",164,30.473869047619,38.6,24.5,"low","soil"
"165",165,30.890315920398,39,25,"low","soil"
"166",166,31.307619047619,40.1,25.9,"low","soil"
"167",167,31.5536607142857,40.3,26.3,"low","soil"
"168",168,31.2789880952381,40.9,25.7,"low","soil"
"169",169,31.1469047619048,41.1,22.3,"low","soil"
"170",170,31.4416071428571,40.9,24.3,"low","soil"
"171",171,31.8415773809524,41.1,24.9,"low","soil"
"172",172,32.1416071428571,41.3,25.1,"low","soil"
"173",173,32.5252976190476,41.4,26.1,"low","soil"
"174",174,32.9115773809524,42.1,27.2,"low","soil"
"175",175,33.1007738095238,41.4,28.3,"low","soil"
"176",176,32.9852380952381,41.7,28.4,"low","soil"
"177",177,32.4188319088319,42.3,25.4,"low","soil"
"178",178,32.4332222222222,42.1,25.6,"low","soil"
"179",179,32.1971111111111,40.8,25.9,"low","soil"
"180",180,32.4335,40.7,25.5,"low","soil"
"181",181,32.6022777777778,40.6,27.1,"low","soil"
"182",182,32.1741666666667,41,26.49,"low","soil"
"183",183,31.9939722222222,41,25.52,"low","soil"
"184",184,32.2371111111111,41.5,25.21,"low","soil"
"185",185,31.7842222222222,41.1,25.63,"low","soil"
"186",186,30.6175277777778,41.2,23.7,"low","soil"
"187",187,30.1457222222222,41.6,21.6,"low","soil"
"188",188,30.8331944444444,39.1,23.1,"low","soil"
"189",189,31.0774444444444,40,23.7,"low","soil"
"190",190,30.961,37.7,25.7,"low","soil"
"191",191,30.5345555555556,38.1,23.8,"low","soil"
"192",192,30.5255833333333,40,25,"low","soil"
"193",193,30.6294444444444,40.9,23.4,"low","soil"
"194",194,30.9029444444444,41.6,24.1,"low","soil"
"195",195,30.2884722222222,37.9,24.3,"low","soil"
"196",196,30.1399722222222,41,23.7,"low","soil"
"197",197,29.9984444444444,37.9,22.2,"low","soil"
"198",198,30.1595277777778,41.9,22,"low","soil"
"199",199,29.6641111111111,41,22.5,"low","soil"
"200",200,29.8294722222222,42.5,22,"low","soil"
"201",201,29.61625,38.5,23.9,"low","soil"
"202",202,28.9803333333333,36.4,24.7,"low","soil"
"203",203,28.3708055555556,34.2,25.2,"low","soil"
"204",204,28.5136666666667,34.5,24.4,"low","soil"
"205",205,28.5337777777778,34.76,22.4,"low","soil"
"206",206,28.3348888888889,34.39,23.1,"low","soil"
"207",207,28.3896944444444,35.4,22.7,"low","soil"
"208",208,28.9915909090909,37,23.8,"low","soil"
"209",209,29.6054166666667,37.5,24.6,"low","soil"
"210",210,29.1827083333333,34.9,25,"low","soil"
"211",211,29.1886111111111,36,23.5,"low","soil"
"212",212,28.9615625,35.9,24.1,"low","soil"
"213",213,28.85875,37.9,24.5,"low","soil"
"214",214,28.8708333333333,38.1,24.8,"low","soil"
"215",215,28.6147569444444,35.4,25.6,"low","soil"
"216",216,28.6276736111111,36,24.7,"low","soil"
"217",217,28.7130501930502,34.4,25.3,"low","soil"
"218",218,28.8613780918728,35.9,25.34,"low","soil"
"219",219,28.9305555555556,36.1,25.6,"low","soil"
"220",220,29.2387847222222,36.5,25.43,"low","soil"
"221",221,29.5554861111111,36.9,25.88,"low","soil"
"222",222,28.6980208333333,32.5,25.2,"low","soil"
"223",223,27.8803472222222,34.2,23.6,"low","soil"
"224",224,27.72375,31.6,24.16,"low","soil"
"225",225,28.0529182879377,35.6,24.1,"low","soil"
"226",226,29.2566666666667,36.5,26.08,"low","soil"
"227",227,29.2885416666667,35.7,25.7,"low","soil"
"228",228,28.853625,34.2,25.2,"low","soil"
"229",229,28.2089583333333,33.7,24.6,"low","soil"
"230",230,27.7087916666667,31.29,23.9,"low","soil"
"231",231,26.7477619047619,31.4,22.7,"low","soil"
"232",232,27.3571859296482,33.4,22.5,"low","soil"
"233",233,27.2370833333333,30.6,23.2,"low","soil"
"234",234,27.5325416666667,33.7,23.6,"low","soil"
"235",235,26.9825416666667,34.3,22.6,"low","soil"
"236",236,26.9567916666667,35.2,22.3,"low","soil"
"237",237,26.9273333333333,34.2,22.2,"low","soil"
"238",238,26.846625,35.7,21.9,"low","soil"
"239",239,26.7618333333333,34.2,22.3,"low","soil"
"240",240,27.2557083333333,35,23.9,"low","soil"
"241",241,27.6823333333333,36.1,23.9,"low","soil"
"242",242,27.9097916666667,36.7,23.6,"low","soil"
"243",243,27.9492916666667,37.1,24.4,"low","soil"
"244",244,27.0465416666667,33.3,22.2,"low","soil"
"245",245,27.0693333333333,35,21.9,"low","soil"
"246",246,27.091875,35.9,22.6,"low","soil"
"247",247,26.9420416666667,35.9,22.2,"low","soil"
"248",248,26.7345018450184,30.9,23.05,"low","soil"
"249",249,26.5740625,33,22.61,"low","soil"
"250",250,26.3514236111111,35.4,22.6,"low","soil"
"251",251,25.9898611111111,35.7,22.5,"low","soil"
"252",252,25.1114583333333,34.3,22.5,"low","soil"
"253",253,24.4131597222222,30.2,21.7,"low","soil"
"254",254,24.0766319444444,27.9,20.6,"low","soil"
"255",255,24.7471686746988,32.6,20.7,"low","soil"
"256",256,25.2069444444444,34.1,20.3,"low","soil"
"257",257,25.2154166666667,34.7,20.1,"low","soil"
"258",258,25.3993055555556,34.5,19.8,"low","soil"
"259",259,25.5744166666667,35.3,20,"low","soil"
"260",260,25.2975,35.1,19.8,"low","soil"
"261",261,25.3479722222222,35.2,19.8,"low","soil"
"262",262,25.8152222222222,35.2,20.5,"low","soil"
"263",263,26.1349166666667,34.9,21.3,"low","soil"
"264",264,26.0558888888889,33.1,21.8,"low","soil"
"265",265,25.3118333333333,29.3,22.2,"low","soil"
"266",266,24.9685277777778,31.7,22.2,"low","soil"
"267",267,25.0934722222222,32.9,21.6,"low","soil"
"268",268,25.0672222222222,33.4,21.23,"low","soil"
"269",269,24.8015277777778,32.7,21,"low","soil"
"270",270,24.6011111111111,31.8,22,"low","soil"
"271",271,24.2328888888889,32.8,20.2,"low","soil"
"272",272,24.4057541899441,32.9,21,"low","soil"
"273",273,24.4696078431373,33.1,21.4,"low","soil"
"274",274,24.6045833333333,33.2,21.3,"low","soil"
"275",275,23.8559166666667,29.3,20.39,"low","soil"
"276",276,23.3444444444444,29.8,19.7,"low","soil"
"277",277,22.9851388888889,27.2,19.8,"low","soil"
"278",278,22.2816713091922,26.2,18.29,"low","soil"
"279",279,21.4465536723164,26.7,17.5,"low","soil"
"280",280,20.7920512820513,27.6,15.3,"low","soil"
"281",281,20.4074679487179,27.3,12.5,"low","soil"
"282",282,20.5150961538462,27.3,13.4,"low","soil"
"283",283,20.6731730769231,27.4,14.1,"low","soil"
"284",284,20.7854166666667,27.5,15,"low","soil"
"285",285,21.0741346153846,27.7,16.5,"low","soil"
"286",286,21.3948717948718,27.6,17.4,"low","soil"
"287",287,21.6580448717949,28.1,17.8,"low","soil"
"288",288,21.5808333333333,26.3,18.5,"low","soil"
"289",289,21.5360576923077,27.6,18.7,"low","soil"
"290",290,21.1219871794872,27.2,18.2,"low","soil"
"291",291,20.8178846153846,26.4,18,"low","soil"
"292",292,20.568141025641,24.6,18.1,"low","soil"
"293",293,20.0840064102564,24.2,18,"low","soil"
"294",294,19.2565064102564,24.2,16.2,"low","soil"
"295",295,19.0570833333333,24.6,13.8,"low","soil"
"296",296,19.1301282051282,24.5,13.8,"low","soil"
"297",297,19.2846794871795,23.8,13.1,"low","soil"
"298",298,19.60875,23.9,14.2,"low","soil"
"299",299,19.7891346153846,23.45,15.3,"low","soil"
"300",300,19.4025961538462,23.23,14.8,"low","soil"
"301",301,18.8701811594203,23.52,14.4,"low","soil"
"302",302,19.4635416666667,24.05,15.7,"low","soil"
"303",303,18.971375,23.61,15.5,"low","soil"
"304",304,18.6465833333333,23.21,14.7,"low","soil"
"305",305,18.4084583333333,22.79,14.63,"low","soil"
"306",306,17.9960416666667,22.5,14.3,"low","soil"
"307",307,17.453125,21.45,13,"low","soil"
"308",308,17.1202916666667,20.81,14.2,"low","soil"
"309",309,15.961625,19.73,11.8,"low","soil"
"310",310,15.17925,18.55,11.1,"low","soil"
"311",311,14.6058333333333,18.64,9.4,"low","soil"
"312",312,14.42575,18.62,7.4,"low","soil"
"313",313,14.551375,19.14,6.7,"low","soil"
"314",314,14.6649583333333,18.81,8.3,"low","soil"
"315",315,14.6557916666667,17.98,9.2,"low","soil"
"316",316,14.69425,17.9,10.2,"low","soil"
"317",317,14.5871126760563,18.3,9.1,"low","soil"
"318",318,13.9759615384615,17.9,9.3,"low","soil"
"319",319,13.8623076923077,17.78,8.8,"low","soil"
"320",320,13.845,17.61,9.2,"low","soil"
"321",321,13.4566987179487,17.89,8.8,"low","soil"
"322",322,13.1348717948718,17.45,8.7,"low","soil"
"323",323,12.9886538461538,16.4,9.41,"low","soil"
"324",324,13.0297435897436,16.2,9.85,"low","soil"
"325",325,13.2659615384615,17.43,10.2,"low","soil"
"326",326,12.8986858974359,17.19,8.1,"low","soil"
"327",327,11.8355769230769,15.63,7.3,"low","soil"
"328",328,11.578141025641,13.6,8.2,"low","soil"
"329",329,11.2037179487179,13.19,8.6,"low","soil"
"330",330,10.3255769230769,13.35,5.5,"low","soil"
"331",331,10.2779166666667,14.37,5.3,"low","soil"
"332",332,10.0651282051282,14.12,5.2,"low","soil"
"333",333,9.50971153846154,13.01,3.8,"low","soil"
"334",334,9.26134615384615,12.7,3.8,"low","soil"
"335",335,9.03573717948718,12.9,4.1,"low","soil"
"336",336,9.28823717948718,13.7,5.6,"low","soil"
"337",337,9.7073717948718,15,6.1,"low","soil"
"338",338,9.71628205128205,14.9,4.7,"low","soil"
"339",339,9.61663461538462,13.6,3.8,"low","soil"
"340",340,9.30336538461538,14.5,2.6,"low","soil"
"341",341,8.97054487179487,13.2,2.4,"low","soil"
"342",342,8.82349358974359,13.1,2.5,"low","soil"
"343",343,9.07317307692308,13.4,2.6,"low","soil"
"344",344,9.19692307692308,13.2,3.1,"low","soil"
"345",345,9.51689102564103,12.8,4.3,"low","soil"
"346",346,9.93724358974359,13.3,6.6,"low","soil"
"347",347,9.7318118466899,12.7,6.5,"low","soil"
"348",348,9.20859848484849,12.7,5.2,"low","soil"
"349",349,8.43708474576271,12.6,3.8,"low","soil"
"350",350,8.57173076923077,12,4.6,"low","soil"
"351",351,8.95629179331307,12.43,4.77,"low","soil"
"352",352,8.70494444444445,12.3,4.8,"low","soil"
"353",353,8.22263888888889,11.8,5,"low","soil"
"354",354,8.05825,11.3,4.6,"low","soil"
"355",355,7.91605555555556,12.6,2.9,"low","soil"
"356",356,8.43305555555555,12.27,2.8,"low","soil"
"357",357,8.51341666666667,13.01,3.4,"low","soil"
"358",358,7.67802777777778,12.47,2.7,"low","soil"
"359",359,7.40166666666667,11.3,2.5,"low","soil"
"360",360,7.10008333333333,9.8,2.3,"low","soil"
"361",361,6.57888888888889,10.8,2.1,"low","soil"
"362",362,6.31641666666667,9.8,2.6,"low","soil"
"363",363,6.25192528735632,9.76,3.1,"low","soil"
"364",364,6.12172619047619,10.74,2.4,"low","soil"
"365",365,6.26702380952381,11.24,3,"low","soil"
"366",366,8.03739583333333,11.24,4.1,"low","soil"
"367",1,1.546875,1.7,1.3,"high","soil"
"368",2,1.55,1.7,1.4,"high","soil"
"369",3,1.55,1.7,1.4,"high","soil"
"370",4,1.55364583333333,1.7,1.4,"high","soil"
"371",5,1.6,1.7,1.5,"high","soil"
"372",6,1.63072916666667,1.7,1.5,"high","soil"
"373",7,1.671875,1.7,1.6,"high","soil"
"374",8,1.53131313131313,1.7,1.3,"high","soil"
"375",9,1.62845528455285,1.8,1.5,"high","soil"
"376",10,1.75700934579439,1.8,1.7,"high","soil"
"377",11,1.86754966887417,2,1.8,"high","soil"
"378",12,2.01420454545455,2.4,1.8,"high","soil"
"379",13,2.21354166666667,2.8,1.9,"high","soil"
"380",14,2.03958333333333,2.5,1.9,"high","soil"
"381",15,1.90989583333333,2,1.8,"high","soil"
"382",16,1.85,1.9,1.8,"high","soil"
"383",17,1.82552083333333,1.9,1.7,"high","soil"
"384",18,2.01927083333333,2.7,1.8,"high","soil"
"385",19,2.415625,3.6,1.9,"high","soil"
"386",20,2.45104166666667,3.5,1.9,"high","soil"
"387",21,2.36822916666667,3.1,1.9,"high","soil"
"388",22,1.9921875,2.7,1.8,"high","soil"
"389",23,1.7078125,1.9,1.5,"high","soil"
"390",24,1.65,1.8,1.5,"high","soil"
"391",25,1.7078125,1.9,1.5,"high","soil"
"392",26,2.25625,3.4,1.8,"high","soil"
"393",27,2.81145833333333,4.6,1.8,"high","soil"
"394",28,3.0015625,4.7,1.8,"high","soil"
"395",29,3.21614583333333,5,1.8,"high","soil"
"396",30,3.26666666666667,4.8,1.8,"high","soil"
"397",31,2.71927083333333,4.5,1.8,"high","soil"
"398",32,2.28177083333333,3,1.7,"high","soil"
"399",33,2.23333333333333,3.3,1.7,"high","soil"
"400",34,2.41302083333333,3.8,1.7,"high","soil"
"401",35,2.49635416666667,3.9,1.7,"high","soil"
"402",36,2.68541666666667,4.3,1.7,"high","soil"
"403",37,3.02291666666667,4.9,1.8,"high","soil"
"404",38,3.05625,4.9,1.8,"high","soil"
"405",39,3.03333333333333,5,1.8,"high","soil"
"406",40,3.10364583333333,5.1,1.7,"high","soil"
"407",41,3.13177083333333,5.2,1.7,"high","soil"
"408",42,2.78385416666667,4.4,1.7,"high","soil"
"409",43,2.24739583333333,3.5,1.8,"high","soil"
"410",44,2.34739583333333,3.9,1.8,"high","soil"
"411",45,3.02916666666667,5.2,1.8,"high","soil"
"412",46,3.375,5.4,1.7,"high","soil"
"413",47,3.15885416666667,5.4,1.7,"high","soil"
"414",48,3.25,4.9,1.8,"high","soil"
"415",49,3.75625,5.2,3,"high","soil"
"416",50,4.49791666666667,6,3.7,"high","soil"
"417",51,4.67604166666667,5.4,3.9,"high","soil"
"418",52,4.78645833333333,5.6,4,"high","soil"
"419",53,4.353125,5,3.8,"high","soil"
"420",54,3.79791666666667,4.6,2.9,"high","soil"
"421",55,3.078125,4,2.3,"high","soil"
"422",56,3.09895833333333,4.7,2.1,"high","soil"
"423",57,3.64583333333333,5.3,2.2,"high","soil"
"424",58,4.00833333333333,5.8,2.4,"high","soil"
"425",59,4.053125,5.8,2.8,"high","soil"
"426",60,4.49583333333333,6,3,"high","soil"
"427",61,4.609375,6.5,2.9,"high","soil"
"428",62,4.3703125,7,2.3,"high","soil"
"429",63,4.19375,7.1,2,"high","soil"
"430",64,4.30260416666667,7.4,1.8,"high","soil"
"431",65,4.33645833333333,7.3,1.8,"high","soil"
"432",66,4.62552083333333,6.7,2,"high","soil"
"433",67,4.609375,5.8,3.2,"high","soil"
"434",68,3.97604166666667,4.8,3.3,"high","soil"
"435",69,4.05052083333333,5.5,3,"high","soil"
"436",70,4.69166666666667,6,3.5,"high","soil"
"437",71,5.37083333333333,6.4,4.7,"high","soil"
"438",72,5.31927083333333,6.5,4.4,"high","soil"
"439",73,5.38802083333333,6.7,4.1,"high","soil"
"440",74,5.5765625,7,4.5,"high","soil"
"441",75,6.04947916666667,7.4,4.6,"high","soil"
"442",76,6.58333333333333,7.9,5.5,"high","soil"
"443",77,6.58020833333333,8.4,5.3,"high","soil"
"444",78,6.28958333333333,8.6,4.6,"high","soil"
"445",79,6.39635416666667,8.7,4.3,"high","soil"
"446",80,6.74635416666667,9,4.7,"high","soil"
"447",81,7.27395833333333,9.5,4.9,"high","soil"
"448",82,7.5609375,9,5.7,"high","soil"
"449",83,6.87135416666667,8.2,5.6,"high","soil"
"450",84,6.40104166666667,7.9,4.9,"high","soil"
"451",85,6.64791666666667,8.1,5.3,"high","soil"
"452",86,7.10104166666667,8.8,5.7,"high","soil"
"453",87,7.61822916666667,9.5,6,"high","soil"
"454",88,7.78541666666667,9.7,6.4,"high","soil"
"455",89,7.2953125,9.9,4.8,"high","soil"
"456",90,6.6171875,9.6,4,"high","soil"
"457",91,6.15677083333333,9.7,3.1,"high","soil"
"458",92,5.92760416666667,9.2,2.9,"high","soil"
"459",93,6.36145833333333,9.3,3.5,"high","soil"
"460",94,6.9328125,9.4,4.4,"high","soil"
"461",95,7.47395833333333,9.2,5.5,"high","soil"
"462",96,7.80677083333333,9.1,6.6,"high","soil"
"463",97,7.9578125,9.2,6.5,"high","soil"
"464",98,8.2375,9.1,6.8,"high","soil"
"465",99,7.44427083333333,8.9,6.3,"high","soil"
"466",100,7.52864583333333,9.3,6.3,"high","soil"
"467",101,7.1390625,9.7,4.7,"high","soil"
"468",102,6.0046875,8.7,3.1,"high","soil"
"469",103,5.94114583333333,9.4,3.5,"high","soil"
"470",104,6.84479166666667,10.5,3.5,"high","soil"
"471",105,7.684375,10.3,5.3,"high","soil"
"472",106,7.08541666666667,8.7,5.7,"high","soil"
"473",107,6.18802083333333,8.3,4.6,"high","soil"
"474",108,6.38854166666667,9,4.6,"high","soil"
"475",109,6.9578125,9.6,4.7,"high","soil"
"476",110,7.6984375,10.8,5.2,"high","soil"
"477",111,8.33072916666667,10.8,6,"high","soil"
"478",112,8.58072916666667,10.5,6.8,"high","soil"
"479",113,8.884375,10.1,7.8,"high","soil"
"480",114,8.20416666666667,9.8,6.9,"high","soil"
"481",115,8.05520833333333,9.8,5.8,"high","soil"
"482",116,6.86927083333333,8.8,4.6,"high","soil"
"483",117,6.13020833333333,8.2,4.2,"high","soil"
"484",118,7.17291666666667,8.8,5.5,"high","soil"
"485",119,7.57447916666667,9.3,6.2,"high","soil"
"486",120,7.90364583333333,11,5.8,"high","soil"
"487",121,8.74270833333333,12.1,5.9,"high","soil"
"488",122,8.90833333333333,12.2,6,"high","soil"
"489",123,9.3140625,12.2,6.4,"high","soil"
"490",124,9.05677083333333,11,7.3,"high","soil"
"491",125,9.10520833333333,11.4,7.4,"high","soil"
"492",126,9.73541666666667,11.9,7.5,"high","soil"
"493",127,9.12864583333333,10.6,6.9,"high","soil"
"494",128,8.55677083333333,9.8,7.1,"high","soil"
"495",129,7.6890625,9.1,6.2,"high","soil"
"496",130,7.83854166666667,9.6,5.6,"high","soil"
"497",131,8.74791666666667,10.6,6.8,"high","soil"
"498",132,9.24479166666667,11.3,7.9,"high","soil"
"499",133,9.83489583333333,12.2,7.1,"high","soil"
"500",134,10.4609375,13,8.5,"high","soil"
"501",135,9.81458333333333,12.9,6.8,"high","soil"
"502",136,8.26145833333333,12.3,4.1,"high","soil"
"503",137,8.29427083333333,11.8,4.1,"high","soil"
"504",138,9.03489583333333,11.4,6.1,"high","soil"
"505",139,8.91927083333333,10.8,6.3,"high","soil"
"506",140,9.1234375,11,6.8,"high","soil"
"507",141,9.56041666666667,11.9,7.6,"high","soil"
"508",142,9.37708333333333,11.6,6.8,"high","soil"
"509",143,9.15572916666667,11.6,6.5,"high","soil"
"510",144,9.284375,11.7,6.7,"high","soil"
"511",145,9.44479166666667,11.6,7.1,"high","soil"
"512",146,9.93489583333333,11.7,7.8,"high","soil"
"513",147,9.95833333333333,11.1,8.8,"high","soil"
"514",148,10.4125,12.4,8.7,"high","soil"
"515",149,11.2213541666667,13.4,9.4,"high","soil"
"516",150,11.9291666666667,14.3,10,"high","soil"
"517",151,12.61875,15.2,10.7,"high","soil"
"518",152,12.9005208333333,15.6,10.6,"high","soil"
"519",153,13.1614583333333,15.6,11.2,"high","soil"
"520",154,13.5432291666667,15.7,11.7,"high","soil"
"521",155,13.5130208333333,15.8,12.1,"high","soil"
"522",156,13.4270833333333,16.8,11.2,"high","soil"
"523",157,14.1421875,17.2,11.1,"high","soil"
"524",158,14.790625,17.5,11.9,"high","soil"
"525",159,14.9552083333333,17.5,13,"high","soil"
"526",160,14.4239583333333,17,12.4,"high","soil"
"527",161,14.6208333333333,16.5,12.7,"high","soil"
"528",162,14.4015625,16.2,12.2,"high","soil"
"529",163,14.1666666666667,16,12,"high","soil"
"530",164,14.4276041666667,16.8,12.1,"high","soil"
"531",165,14.4557291666667,16.5,12.5,"high","soil"
"532",166,14.4046875,16.5,12.9,"high","soil"
"533",167,15.0145833333333,16.9,13.2,"high","soil"
"534",168,15.5083333333333,17.6,13.8,"high","soil"
"535",169,16.0208333333333,18.5,14.2,"high","soil"
"536",170,16.5635416666667,18.9,14.7,"high","soil"
"537",171,17.2401041666667,19.3,15.5,"high","soil"
"538",172,17.6572916666667,19.8,15.5,"high","soil"
"539",173,17.6385416666667,19.4,15.7,"high","soil"
"540",174,17.7296875,19.6,16,"high","soil"
"541",175,16.1203125,18.1,13,"high","soil"
"542",176,15.525,17.1,13.5,"high","soil"
"543",177,15.5984375,17.6,14.3,"high","soil"
"544",178,15.3911458333333,17.6,14.4,"high","soil"
"545",179,15.3348958333333,17.3,14.2,"high","soil"
"546",180,15.9489583333333,17.5,14.6,"high","soil"
"547",181,15.9416666666667,17.7,14.8,"high","soil"
"548",182,15.2083333333333,16.5,14.2,"high","soil"
"549",183,14.6666666666667,16.8,13.5,"high","soil"
"550",184,14.8161458333333,16.7,13.2,"high","soil"
"551",185,14.7276041666667,15.5,13.5,"high","soil"
"552",186,14.5932291666667,15.7,13.6,"high","soil"
"553",187,14.9276041666667,16.9,13.6,"high","soil"
"554",188,14.9229166666667,17.1,13.6,"high","soil"
"555",189,14.9385416666667,16.3,13.3,"high","soil"
"556",190,14.8833333333333,16.8,13.6,"high","soil"
"557",191,14.9515625,16.5,13.4,"high","soil"
"558",192,15.0822916666667,17,13.4,"high","soil"
"559",193,15.5005208333333,17,13.7,"high","soil"
"560",194,15.5161458333333,17,14.2,"high","soil"
"561",195,15.4328125,17.6,14.2,"high","soil"
"562",196,15.2666666666667,17.3,13.3,"high","soil"
"563",197,15.4875,17.8,13.4,"high","soil"
"564",198,15.4661458333333,17.6,13.5,"high","soil"
"565",199,14.9265625,16.7,13.3,"high","soil"
"566",200,14.5182291666667,16.7,12.7,"high","soil"
"567",201,14.5572916666667,16.1,12.7,"high","soil"
"568",202,14.9072916666667,16.4,13.2,"high","soil"
"569",203,15.3614583333333,17.1,13.5,"high","soil"
"570",204,15.4526041666667,17.5,14.2,"high","soil"
"571",205,15.3822916666667,17.5,13.4,"high","soil"
"572",206,15.6369791666667,17.5,13.8,"high","soil"
"573",207,15.571875,17.4,13.7,"high","soil"
"574",208,15.4677083333333,17.1,13.6,"high","soil"
"575",209,15.7307291666667,17.9,13.9,"high","soil"
"576",210,14.9182291666667,16.6,13.6,"high","soil"
"577",211,15.5072916666667,17.5,13.4,"high","soil"
"578",212,15.4953125,16.8,14.4,"high","soil"
"579",213,15.3182291666667,16.3,13.7,"high","soil"
"580",214,15.1333333333333,16,14.5,"high","soil"
"581",215,14.8739583333333,16.8,14,"high","soil"
"582",216,14.896875,16.8,13.9,"high","soil"
"583",217,15.0182291666667,17.1,13.9,"high","soil"
"584",218,14.9432291666667,15.7,14,"high","soil"
"585",219,15.0541666666667,16.3,12.8,"high","soil"
"586",220,14.825,16.5,13.4,"high","soil"
"587",221,15.4848958333333,16.8,14.1,"high","soil"
"588",222,15.2010416666667,16.2,14.2,"high","soil"
"589",223,14.5557291666667,15.1,13.8,"high","soil"
"590",224,14.790625,16.1,13.3,"high","soil"
"591",225,15.4427083333333,17.2,14.1,"high","soil"
"592",226,16.1015625,18.2,14.7,"high","soil"
"593",227,16.0958333333333,17.8,14.4,"high","soil"
"594",228,16.3098958333333,18.4,14.7,"high","soil"
"595",229,16.3791666666667,18.4,14.6,"high","soil"
"596",230,15.8270833333333,18.1,13.9,"high","soil"
"597",231,15.8859375,17.8,14.4,"high","soil"
"598",232,15.6854166666667,17,14.5,"high","soil"
"599",233,15.4067708333333,17,14.3,"high","soil"
"600",234,14.9026041666667,16.1,13.9,"high","soil"
"601",235,14.7125,16.2,13.4,"high","soil"
"602",236,14.7380208333333,16.1,13.4,"high","soil"
"603",237,14.5151041666667,15.8,13.2,"high","soil"
"604",238,14.6666666666667,16.6,13.4,"high","soil"
"605",239,14.6197916666667,16.1,13.4,"high","soil"
"606",240,14.3130208333333,16.2,12.9,"high","soil"
"607",241,14.4473958333333,16.5,12.5,"high","soil"
"608",242,14.6401041666667,16.2,12.8,"high","soil"
"609",243,14.8671875,16.6,13.4,"high","soil"
"610",244,14.6885416666667,16.1,13.6,"high","soil"
"611",245,14.7276041666667,15.5,14,"high","soil"
"612",246,14.40625,15.4,13.2,"high","soil"
"613",247,13.8885416666667,15.1,12.4,"high","soil"
"614",248,13.3848958333333,14.5,12.6,"high","soil"
"615",249,13.6296875,14.7,12.4,"high","soil"
"616",250,14.3338541666667,15.4,13.3,"high","soil"
"617",251,13.9536458333333,15,12.4,"high","soil"
"618",252,13.8880208333333,15.1,12.9,"high","soil"
"619",253,13.7125,14.6,12.8,"high","soil"
"620",254,13.8229166666667,14.7,12.8,"high","soil"
"621",255,14.2864583333333,15.5,13.4,"high","soil"
"622",256,14.2744791666667,15.8,13.2,"high","soil"
"623",257,13.9401041666667,15.6,12.6,"high","soil"
"624",258,13.8885416666667,14.6,12.9,"high","soil"
"625",259,13.7244791666667,14.9,12.7,"high","soil"
"626",260,13.4463541666667,15.1,12.1,"high","soil"
"627",261,13.6604166666667,15.9,12,"high","soil"
"628",262,13.8875,15.2,12.3,"high","soil"
"629",263,13.8692708333333,15.2,12.7,"high","soil"
"630",264,13.7104166666667,14.6,12.8,"high","soil"
"631",265,13.6541666666667,15.1,12.7,"high","soil"
"632",266,13.3953125,14.6,12.2,"high","soil"
"633",267,13.1463541666667,15,11.8,"high","soil"
"634",268,12.5203125,14.5,11.1,"high","soil"
"635",269,12.3359375,14.7,10.3,"high","soil"
"636",270,12.10625,15,9.6,"high","soil"
"637",271,12.028125,15.3,9.4,"high","soil"
"638",272,12.5265625,15.1,10.4,"high","soil"
"639",273,12.971875,15.6,11.2,"high","soil"
"640",274,13.3921875,15.9,11.5,"high","soil"
"641",275,13.1864583333333,15.3,11.5,"high","soil"
"642",276,12.521875,14.4,11.3,"high","soil"
"643",277,12.0307291666667,13,11.2,"high","soil"
"644",278,11.0765625,12.2,9.6,"high","soil"
"645",279,10.3026041666667,11.1,9.3,"high","soil"
"646",280,9.7875,10.9,8.9,"high","soil"
"647",281,9.88385416666667,11.3,8.3,"high","soil"
"648",282,10.4645833333333,12,9.3,"high","soil"
"649",283,10.9744791666667,12.1,9.6,"high","soil"
"650",284,11.3630208333333,12.1,10.7,"high","soil"
"651",285,11.4609375,12.3,10.9,"high","soil"
"652",286,11.3828125,12.3,10.5,"high","soil"
"653",287,11.3177083333333,12.9,10.2,"high","soil"
"654",288,11.3114583333333,12.3,10.2,"high","soil"
"655",289,11.1895833333333,11.8,10.6,"high","soil"
"656",290,10.9015625,11.8,10,"high","soil"
"657",291,10.8973958333333,11.7,10,"high","soil"
"658",292,11.0932291666667,11.6,10.5,"high","soil"
"659",293,10.546875,11.6,8.6,"high","soil"
"660",294,9.48125,11.5,7.2,"high","soil"
"661",295,9.49791666666667,11.8,7.2,"high","soil"
"662",296,9.62395833333333,12.2,7.1,"high","soil"
"663",297,9.65989583333333,11.7,7.3,"high","soil"
"664",298,9.8953125,11.9,7.7,"high","soil"
"665",299,10.1098958333333,11.5,8.7,"high","soil"
"666",300,9.8203125,11.3,8.2,"high","soil"
"667",301,9.73125,11.7,7.8,"high","soil"
"668",302,9.4734375,11.7,6.5,"high","soil"
"669",303,8.66927083333333,11.5,5.8,"high","soil"
"670",304,8.29947916666667,11.5,4.9,"high","soil"
"671",305,8.50572916666667,11.1,5.6,"high","soil"
"672",306,8.49427083333333,10.8,6.3,"high","soil"
"673",307,7.79739583333333,9.6,6.3,"high","soil"
"674",308,6.921875,8.7,4.8,"high","soil"
"675",309,6.3765625,8.8,4,"high","soil"
"676",310,6.22916666666667,8.3,4,"high","soil"
"677",311,6.34791666666667,8.3,4.4,"high","soil"
"678",312,6.43020833333333,8.1,4.8,"high","soil"
"679",313,6.4296875,8,4.8,"high","soil"
"680",314,5.70104166666667,7.5,4.1,"high","soil"
"681",315,4.64479166666667,6.4,2.9,"high","soil"
"682",316,4.784375,6.6,2.8,"high","soil"
"683",317,5.18854166666667,6.5,3.6,"high","soil"
"684",318,5.4484375,6.8,4.1,"high","soil"
"685",319,5.8609375,7.1,4.7,"high","soil"
"686",320,5.86666666666667,8.1,3.6,"high","soil"
"687",321,5.70677083333333,8.3,3.4,"high","soil"
"688",322,5.2890625,7.9,3.2,"high","soil"
"689",323,4.88489583333333,7,3.2,"high","soil"
"690",324,5.54427083333333,7.8,3.2,"high","soil"
"691",325,6.20260416666667,8.4,4,"high","soil"
"692",326,6.00104166666667,8.1,4.4,"high","soil"
"693",327,5.38072916666667,6.3,4.9,"high","soil"
"694",328,5.0078125,5.6,4.5,"high","soil"
"695",329,4.80052083333333,5.3,4.3,"high","soil"
"696",330,5.01875,5.9,4.4,"high","soil"
"697",331,4.65989583333333,6.2,2.9,"high","soil"
"698",332,3.73229166666667,5.8,2.4,"high","soil"
"699",333,3.14635416666667,4.1,2.2,"high","soil"
"700",334,2.96770833333333,3.9,2,"high","soil"
"701",335,2.77604166666667,3.7,2,"high","soil"
"702",336,3.66625514403292,8.1,1.9,"high","soil"
"703",337,4.36388888888889,7.6,2.3,"high","soil"
"704",338,4.40625,7.4,2.9,"high","soil"
"705",339,3.70990990990991,5.8,3,"high","soil"
"706",340,3.69270833333333,4.7,3.2,"high","soil"
"707",341,3.83802083333333,5.1,2.9,"high","soil"
"708",342,3.84895833333333,5.1,2.9,"high","soil"
"709",343,4.09114583333333,5.7,2.9,"high","soil"
"710",344,4.70204918032787,5.8,3,"high","soil"
"711",345,4.71631944444444,5.5,3.8,"high","soil"
"712",346,4.31284722222222,5.2,3.5,"high","soil"
"713",347,4.15590277777778,5.1,3.2,"high","soil"
"714",348,3.81423611111111,5.4,3,"high","soil"
"715",349,3.67881944444444,5.7,2.8,"high","soil"
"716",350,3.83472222222222,6,2.8,"high","soil"
"717",351,3.63229166666667,5.7,2.7,"high","soil"
"718",352,2.77604166666667,5.2,0.8,"high","soil"
"719",353,2.45555555555556,2.7,2,"high","soil"
"720",354,2.35486111111111,2.6,1.9,"high","soil"
"721",355,2.50798611111111,3.5,1.9,"high","soil"
"722",356,3.07291666666667,5.4,2,"high","soil"
"723",357,3.27569444444444,5.8,2,"high","soil"
"724",358,2.78576388888889,4.9,1.9,"high","soil"
"725",359,2.54548611111111,3.7,1.9,"high","soil"
"726",360,2.28645833333333,3.1,1.8,"high","soil"
"727",361,2.11388888888889,2.9,1.6,"high","soil"
"728",362,2.03611111111111,2.8,1.5,"high","soil"
"729",363,1.95277777777778,2.7,1.4,"high","soil"
"730",364,1.87881944444444,2.8,1.4,"high","soil"
"731",365,2.24375,4.4,1.3,"high","soil"
"732",366,3.81666666666667,4.5,3.2,"high","soil"
"733",1,7.31074074074074,25.21,-4.9,"low","air"
"734",2,9.15611111111111,24.46,-4.74,"low","air"
"735",3,10.1538078703704,24.7,-2.45,"low","air"
"736",4,9.85491898148148,22.85,1.37,"low","air"
"737",5,10.8058357362553,22.2,2.72,"low","air"
"738",6,11.511724537037,22.9,3.77,"low","air"
"739",7,10.6991782407407,25.31,0,"low","air"
"740",8,8.35253472222222,17.53,0.77,"low","air"
"741",9,9.84614583333333,21.89,1.48,"low","air"
"742",10,9.6099537037037,18.37,1.37,"low","air"
"743",11,8.84545138888889,20.75,-1.93,"low","air"
"744",12,9.20837962962963,18.89,-2.51,"low","air"
"745",13,9.17471064814815,20.51,-2.71,"low","air"
"746",14,9.0758912037037,19.75,-5.67,"low","air"
"747",15,9.49770833333333,21.22,-5.45,"low","air"
"748",16,10.6823263888889,21.03,-1.78,"low","air"
"749",17,13.0767708333333,22.9,5.95,"low","air"
"750",18,14.3657175925926,23.5,6.69,"low","air"
"751",19,14.6792013888889,24.29,7.32,"low","air"
"752",20,14.0829976851852,22.82,7.54,"low","air"
"753",21,13.9065509259259,24.68,6.71,"low","air"
"754",22,12.8263541666667,24.1,3.46,"low","air"
"755",23,12.9974189814815,24.53,0.96,"low","air"
"756",24,11.7749421296296,19.72,4.25,"low","air"
"757",25,12.4349884259259,21.37,4.64,"low","air"
"758",26,12.3307986111111,21.7,3.17,"low","air"
"759",27,12.8194328703704,21.84,4.71,"low","air"
"760",28,12.5168865740741,23.62,1.26,"low","air"
"761",29,12.4482407407407,23.33,-0.99,"low","air"
"762",30,12.3038541666667,22.9,1.64,"low","air"
"763",31,11.4237152777778,21.72,4.12,"low","air"
"764",32,9.06637731481482,20.67,1.07,"low","air"
"765",33,7.22491898148148,23.09,-7.87,"low","air"
"766",34,7.28575231481481,22.13,-11.51,"low","air"
"767",35,9.1871875,22.3,-2.8,"low","air"
"768",36,11.4293518518519,26.72,2.48,"low","air"
"769",37,12.4134490740741,26.26,4.4,"low","air"
"770",38,13.6915856481481,24.44,5.02,"low","air"
"771",39,14.1716319444444,26.6,5.33,"low","air"
"772",40,13.0238773148148,26.6,-0.28,"low","air"
"773",41,13.4600925925926,27.46,0.77,"low","air"
"774",42,13.1118055555556,26.23,-0.4,"low","air"
"775",43,12.8977546296296,27.14,-2.22,"low","air"
"776",44,14.6330787037037,28.02,0.49,"low","air"
"777",45,14.5893402777778,28.42,0,"low","air"
"778",46,15.3607523148148,29.16,1.26,"low","air"
"779",47,15.6864930555556,28.17,4.06,"low","air"
"780",48,14.9779513888889,29.36,4.01,"low","air"
"781",49,15.0343981481481,27.36,3.72,"low","air"
"782",50,15.1062268518519,26.82,5.44,"low","air"
"783",51,11.4472685185185,26.43,-2.98,"low","air"
"784",52,12.165150462963,25.67,-2.89,"low","air"
"785",53,12.7459259259259,24.29,0.93,"low","air"
"786",54,12.425623798539,24.27,2.45,"low","air"
"787",55,11.4306597222222,25.5,2.07,"low","air"
"788",56,12.8280208333333,27.04,0.74,"low","air"
"789",57,14.2840162037037,29.56,3.8,"low","air"
"790",58,12.3923263888889,27.85,-1.47,"low","air"
"791",59,12.4017824074074,27.46,0,"low","air"
"792",60,14.2584837962963,26.57,3.38,"low","air"
"793",61,14.3678125,28.39,4.01,"low","air"
"794",62,14.2642708333333,27.87,4.77,"low","air"
"795",63,14.1255092592593,29.61,3.77,"low","air"
"796",64,16.0990856481481,29.94,6,"low","air"
"797",65,17.7931018518519,28.49,9.19,"low","air"
"798",66,16.5507060185185,24.65,8.79,"low","air"
"799",67,11.7092824074074,21.94,1.94,"low","air"
"800",68,11.371712962963,26.38,0.11,"low","air"
"801",69,14.934104859335,29.69,3.72,"low","air"
"802",70,16.7597083333333,28.42,5.13,"low","air"
"803",71,17.7628888888889,28.89,6.26,"low","air"
"804",72,16.5910138888889,27.53,8.07,"low","air"
"805",73,17.0200416666667,28.32,8.22,"low","air"
"806",74,17.4266944444444,28.74,9.19,"low","air"
"807",75,18.4853333333333,28.59,8.02,"low","air"
"808",76,19.5643055555556,30.09,10.98,"low","air"
"809",77,17.8240138888889,28.39,10.25,"low","air"
"810",78,14.3859166666667,27.33,0,"low","air"
"811",79,14.9593472222222,27.87,0,"low","air"
"812",80,15.1924166666667,30.77,0.66,"low","air"
"813",81,16.0373333333333,31.77,5.05,"low","air"
"814",82,17.36375,27.14,6.03,"low","air"
"815",83,16.5515555555556,28.02,7.12,"low","air"
"816",84,17.0638333333333,28.89,7.24,"low","air"
"817",85,17.3412361111111,26.67,7.92,"low","air"
"818",86,16.6648194444444,32.43,6.96,"low","air"
"819",87,18.4629754804506,30.9,8.05,"low","air"
"820",88,19.735845959596,30.52,11,"low","air"
"821",89,18.7210101010101,30.39,8.52,"low","air"
"822",90,18.789577020202,30.47,5.9,"low","air"
"823",91,19.0228472222222,35.77,5.18,"low","air"
"824",92,16.8234722222222,33.55,5.87,"low","air"
"825",93,15.9842361111111,29.07,3.67,"low","air"
"826",94,18.0684848484848,29.92,7.04,"low","air"
"827",95,19.3286931818182,31,7.74,"low","air"
"828",96,19.0747601010101,30.57,8.54,"low","air"
"829",97,19.3341351010101,32.92,10.52,"low","air"
"830",98,19.2497348484848,32.51,3.88,"low","air"
"831",99,16.4010164141414,33.94,0.49,"low","air"
"832",100,17.8814808006536,33.76,1.21,"low","air"
"833",101,18.9722817460317,32.72,4.77,"low","air"
"834",102,17.6082837301587,26.89,6.94,"low","air"
"835",103,16.8801488095238,29.44,8.02,"low","air"
"836",104,17.8962946428571,30.02,7.74,"low","air"
"837",105,18.4751884920635,31.59,1.29,"low","air"
"838",106,17.7091071428571,31.87,3.09,"low","air"
"839",107,18.6197767857143,32.66,7.19,"low","air"
"840",108,19.5784920634921,31.03,6.76,"low","air"
"841",109,19.8464880952381,31.61,8.79,"low","air"
"842",110,21.0132093253968,31.03,12.05,"low","air"
"843",111,20.8910515873016,34.47,3.75,"low","air"
"844",112,19.9594345238095,36.55,3.62,"low","air"
"845",113,19.3131101190476,38.59,3.59,"low","air"
"846",114,19.4559226190476,36.17,6.86,"low","air"
"847",115,20.3049603174603,33.89,8.72,"low","air"
"848",116,18.7062152777778,33.68,6.84,"low","air"
"849",117,18.5908878968254,33,6.66,"low","air"
"850",118,20.4568204365079,33.6,9.98,"low","air"
"851",119,19.1960267857143,34.89,8.74,"low","air"
"852",120,18.1991021825397,33.78,4.3,"low","air"
"853",121,18.6352876984127,34.18,5.69,"low","air"
"854",122,19.2448908730159,33.16,8.42,"low","air"
"855",123,21.7351488095238,34.92,10.05,"low","air"
"856",124,23.1099305555556,36.47,11.18,"low","air"
"857",125,24.1049007936508,37.43,10.88,"low","air"
"858",126,22.8575744047619,34.6,11.81,"low","air"
"859",127,20.9118601190476,34.52,9.58,"low","air"
"860",128,20.1236706349206,33.26,8.37,"low","air"
"861",129,19.7825297619048,32.25,7.22,"low","air"
"862",130,18.7273859126984,31.51,8.44,"low","air"
"863",131,19.9136557539683,31.92,8.27,"low","air"
"864",132,20.8942261904762,35.45,7.95,"low","air"
"865",133,23.6733928571429,38.03,12.58,"low","air"
"866",134,23.9209920634921,37.84,14.15,"low","air"
"867",135,23.6751488095238,35.8,11.1,"low","air"
"868",136,23.7511954365079,38.62,7.64,"low","air"
"869",137,23.6679166666667,39.12,10.52,"low","air"
"870",138,22.5635367063492,37.34,10.05,"low","air"
"871",139,21.516001984127,35.85,8.59,"low","air"
"872",140,23.3464682539683,34.23,9.76,"low","air"
"873",141,24.6942807539683,38.37,14.22,"low","air"
"874",142,23.930744047619,40.03,11.76,"low","air"
"875",143,22.231626984127,38.73,9.11,"low","air"
"876",144,21.2048759920635,36.55,6.86,"low","air"
"877",145,23.3502281746032,35.53,12.17,"low","air"
"878",146,24.9320138888889,34.89,14.53,"low","air"
"879",147,24.6862400793651,38.95,10.61,"low","air"
"880",148,25.5227182539683,38.62,11.66,"low","air"
"881",149,25.1956746031746,37.01,14.65,"low","air"
"882",150,25.9357886904762,39.4,10.61,"low","air"
"883",151,27.4958234126984,38.62,15.6,"low","air"
"884",152,27.955818452381,41.09,18.27,"low","air"
"885",153,28.5693650793651,41.27,18.08,"low","air"
"886",154,28.6680456349206,40.57,17.84,"low","air"
"887",155,29.0571577380952,40.11,19.41,"low","air"
"888",156,29.6584375,43.71,19.51,"low","air"
"889",157,29.994310515873,44.01,19.84,"low","air"
"890",158,29.8133978174603,42.95,16.92,"low","air"
"891",159,28.9847043241695,40.23,16.13,"low","air"
"892",160,28.2344570707071,40.11,18.15,"low","air"
"893",161,28.5919610281924,41.04,18.89,"low","air"
"894",162,27.3104662698413,40.78,17.56,"low","air"
"895",163,27.4975942460317,40.43,15.77,"low","air"
"896",164,27.6889103232534,39.6,16.11,"low","air"
"897",165,28.6293224656139,40.17,19.51,"low","air"
"898",166,29.5921626984127,40.8,19.32,"low","air"
"899",167,29.5531597222222,42.18,20.03,"low","air"
"900",168,29.363125,41.71,17.94,"low","air"
"901",169,30.3154910714286,40.86,20.75,"low","air"
"902",170,30.5715277777778,42.56,20.25,"low","air"
"903",171,31.0765674603175,45.09,19.84,"low","air"
"904",172,31.1614583333333,46.04,22.11,"low","air"
"905",173,31.3503224206349,41.5,21.49,"low","air"
"906",174,32.0314087301587,42.65,21.22,"low","air"
"907",175,31.4904662698413,42.09,20.77,"low","air"
"908",176,31.0108333333333,41.65,18.56,"low","air"
"909",177,30.7484359217172,43.56,22.03,"low","air"
"910",178,30.7143611111111,44.26,21.34,"low","air"
"911",179,31.3529212962963,42.15,20.29,"low","air"
"912",180,31.9520046296296,44.6,21.56,"low","air"
"913",181,30.8725972222222,43.07,19.41,"low","air"
"914",182,29.9785185185185,42.21,18.7,"low","air"
"915",183,30.7477416666667,44.5,18.414,"low","air"
"916",184,29.853362962963,43.28,19.79,"low","air"
"917",185,28.2781416666667,38.76,19.39,"low","air"
"918",186,26.6843938519544,39.177,18.27,"low","air"
"919",187,28.8306509259259,40.89,18.79,"low","air"
"920",188,29.2638009259259,41.97,19.89,"low","air"
"921",189,30.4672194444444,41.47,21.49,"low","air"
"922",190,29.1997222222222,41.53,17.7,"low","air"
"923",191,29.1605101851852,40.4,20.17,"low","air"
"924",192,28.6028712962963,40.314,20.91,"low","air"
"925",193,28.9534342592593,40.95,19.15,"low","air"
"926",194,29.4206018518519,41.53,19.22,"low","air"
"927",195,28.2603194444444,40.09,17.18,"low","air"
"928",196,28.6301342592593,41.88,17.34,"low","air"
"929",197,28.6729305555556,41.47,17.18,"low","air"
"930",198,28.6345231481481,40.6,18.27,"low","air"
"931",199,28.1156527777778,38.76,19.08,"low","air"
"932",200,28.84775,39.77,19.84,"low","air"
"933",201,28.2880694444444,39.06,19.29,"low","air"
"934",202,28.0237175925926,39.32,20.34,"low","air"
"935",203,27.987087962963,42,20.48,"low","air"
"936",204,27.4913935185185,42.21,18.79,"low","air"
"937",205,28.5764907407407,42.3,20.6,"low","air"
"938",206,27.5579953703704,38.67,18.63,"low","air"
"939",207,28.2583194444444,39.91,20.58,"low","air"
"940",208,28.6431891025641,39.77,17.06,"low","air"
"941",209,29.1943171296296,39.23,20.56,"low","air"
"942",210,28.7106018518519,42.15,19.25,"low","air"
"943",211,28.7893287037037,43.65,18.37,"low","air"
"944",212,28.3751157407407,41.21,20.27,"low","air"
"945",213,27.3506597222222,38.34,18.22,"low","air"
"946",214,27.4761689814815,42.68,18.65,"low","air"
"947",215,28.3234953703704,40.69,18.58,"low","air"
"948",216,28.9125462962963,40.03,18.1,"low","air"
"949",217,29.1477257575758,39.37,20.44,"low","air"
"950",218,27.9112962962963,40.43,19.03,"low","air"
"951",219,28.1253935185185,40.72,18.96,"low","air"
"952",220,29.2086458333333,39.97,19.13,"low","air"
"953",221,29.4713425925926,43.22,21.03,"low","air"
"954",222,27.5509143518519,40.2,18.72,"low","air"
"955",223,28.1393171296296,41.65,19.46,"low","air"
"956",224,27.2938078703704,41.04,18.94,"low","air"
"957",225,29.5657175925926,43.22,20.25,"low","air"
"958",226,30.2279166666667,42.59,22.32,"low","air"
"959",227,29.7979861111111,42.74,19.79,"low","air"
"960",228,29.1550694444444,41.59,15.96,"low","air"
"961",229,28.8114236111111,41.24,20.82,"low","air"
"962",230,27.5308217592593,40.63,19.27,"low","air"
"963",231,27.2041435185185,40.14,19.56,"low","air"
"964",232,27.4055092592593,38.34,19.2,"low","air"
"965",233,27.0490625,38.23,17.22,"low","air"
"966",234,27.0164351851852,40,17.39,"low","air"
"967",235,26.7815625,39.91,17.25,"low","air"
"968",236,27.2879861111111,40.75,19.89,"low","air"
"969",237,26.0027662037037,41.53,19.58,"low","air"
"970",238,27.2637152777778,43.22,18.84,"low","air"
"971",239,27.8503587962963,40.92,19.15,"low","air"
"972",240,28.7489814814815,40,21.03,"low","air"
"973",241,28.5488773148148,38.42,19.58,"low","air"
"974",242,29.2276336024606,41.82,18.84,"low","air"
"975",243,28.5268865740741,41.94,18.89,"low","air"
"976",244,28.4418518518519,40.29,15.96,"low","air"
"977",245,28.3147569444444,38.87,19.46,"low","air"
"978",246,27.5202777777778,39.54,17.39,"low","air"
"979",247,28.1812615740741,42.24,18.58,"low","air"
"980",248,26.7015277777778,39.97,19.1,"low","air"
"981",249,27.1740625,39.18,19.2,"low","air"
"982",250,26.5684143518519,40,18.53,"low","air"
"983",251,24.0675115740741,40.34,19.01,"low","air"
"984",252,24.0977314814815,39.12,18.82,"low","air"
"985",253,23.6947222222222,33.99,15.7,"low","air"
"986",254,25.1637731481481,38.92,16.99,"low","air"
"987",255,26.5036666666667,45.75,17.8,"low","air"
"988",256,25.9290138888889,42.71,17.03,"low","air"
"989",257,25.9598518518519,37.15,15.2,"low","air"
"990",258,26.4418935185185,37.87,18.79,"low","air"
"991",259,26.0754027777778,38.31,18.32,"low","air"
"992",260,26.3395416666667,38.17,18.56,"low","air"
"993",261,26.7310555555556,39.32,18.77,"low","air"
"994",262,27.6786111111111,42.77,19.72,"low","air"
"995",263,27.8549814814815,40.34,19.06,"low","air"
"996",264,26.1403101851852,37.76,17.32,"low","air"
"997",265,25.0274074074074,36.77,16.44,"low","air"
"998",266,25.6456712962963,38.67,16.22,"low","air"
"999",267,26.6212175925926,38.09,13.5,"low","air"
"1000",268,26.5201435185185,37.51,15.77,"low","air"
"1001",269,25.8432083333333,36.52,16.06,"low","air"
"1002",270,24.2459907407407,36.66,15.75,"low","air"
"1003",271,24.5522638888889,37.54,14.31,"low","air"
"1004",272,25.2993240740741,37.92,17.01,"low","air"
"1005",273,26.2790416666667,39.57,16.96,"low","air"
"1006",274,25.9467314814815,37.67,16.56,"low","air"
"1007",275,24.8434953703704,37.1,16.56,"low","air"
"1008",276,24.6801157407407,35.58,16.96,"low","air"
"1009",277,23.4443564814815,34.78,14.79,"low","air"
"1010",278,21.0436944444444,32.95,13.06,"low","air"
"1011",279,20.7508009259259,32.46,8.29,"low","air"
"1012",280,20.7442916666667,32.74,9.01,"low","air"
"1013",281,20.7257361111111,33.47,9.26,"low","air"
"1014",282,21.3757962962963,34.44,11.27,"low","air"
"1015",283,21.0749490740741,32.92,8.37,"low","air"
"1016",284,22.0820324074074,33.52,10.1,"low","air"
"1017",285,22.9539722222222,33.73,13.23,"low","air"
"1018",286,22.969837962963,35.18,11.03,"low","air"
"1019",287,22.9402962962963,35.82,10.44,"low","air"
"1020",288,22.8916964285714,35.8,13.52,"low","air"
"1021",289,22.5900053418803,33.29,11.76,"low","air"
"1022",290,21.4811698717949,32,12.24,"low","air"
"1023",291,21.6956570512821,31.36,13.59,"low","air"
"1024",292,21.1580074786325,34.1,14.27,"low","air"
"1025",293,20.1052089407191,32.98,11.52,"low","air"
"1026",294,19.2961712962963,34.07,8.92,"low","air"
"1027",295,20.2848935185185,35.1,10.12,"low","air"
"1028",296,21.1547314814815,34.57,11.61,"low","air"
"1029",297,21.9522824074074,32.77,12.87,"low","air"
"1030",298,21.1489444444444,32.54,12.7,"low","air"
"1031",299,20.1004814814815,31.08,12.51,"low","air"
"1032",300,19.9145509259259,34.7,9.71,"low","air"
"1033",301,20.9625823045267,35.18,11.61,"low","air"
"1034",302,20.3783796296296,32.28,9.58,"low","air"
"1035",303,19.5754398148148,32.74,8.39,"low","air"
"1036",304,20.2827314814815,32.12,8.37,"low","air"
"1037",305,19.7267196327684,29.26,10.47,"low","air"
"1038",306,19.1538194444444,29.54,8.99,"low","air"
"1039",307,18.7108703703704,29.44,7.92,"low","air"
"1040",308,17.2970092592593,27.55,7.77,"low","air"
"1041",309,15.5657407407407,28.39,1.62,"low","air"
"1042",310,16.7719953703704,30.67,6.05,"low","air"
"1043",311,17.1756111111111,31.05,1.83,"low","air"
"1044",312,17.8675231481481,30.07,2.34,"low","air"
"1045",313,16.8963148148148,27.21,5.41,"low","air"
"1046",314,15.6655231481481,28.3,5.28,"low","air"
"1047",315,13.9375277777778,29.04,3.46,"low","air"
"1048",316,14.5426018518519,29.66,2.16,"low","air"
"1049",317,15.239287037037,25.79,2.96,"low","air"
"1050",318,15.5102222222222,26.94,7.64,"low","air"
"1051",319,15.1864768518519,28.37,6.46,"low","air"
"1052",320,14.3192407407407,30.27,4.4,"low","air"
"1053",321,14.555912037037,27.11,1.75,"low","air"
"1054",322,15.1099814814815,25.14,3.98,"low","air"
"1055",323,15.7515509259259,24.48,8.32,"low","air"
"1056",324,16.1003703703704,28.59,9.95,"low","air"
"1057",325,14.5771851851852,27.16,6.51,"low","air"
"1058",326,13.0383888888889,25.09,6,"low","air"
"1059",327,12.9886388888889,25.94,5.54,"low","air"
"1060",328,12.9666064814815,28.1,4.51,"low","air"
"1061",329,11.8562962962963,26.96,3.06,"low","air"
"1062",330,13.6888055555556,24.65,2.98,"low","air"
"1063",331,14.1136157407407,27.36,4.27,"low","air"
"1064",332,12.5361666666667,26.7,1.1,"low","air"
"1065",333,11.2136435185185,24.44,-2.33,"low","air"
"1066",334,11.456337962963,22.97,0.71,"low","air"
"1067",335,12.3579953703704,23.38,2.21,"low","air"
"1068",336,13.0302083333333,23.95,3.49,"low","air"
"1069",337,13.5313287037037,24.53,-0.14,"low","air"
"1070",338,12.4223101851852,24.48,-1.36,"low","air"
"1071",339,11.8676666666667,24.85,-0.54,"low","air"
"1072",340,12.6991527777778,26.08,-2.45,"low","air"
"1073",341,12.5573287037037,24.03,0.16,"low","air"
"1074",342,13.309037037037,24.1,3.33,"low","air"
"1075",343,13.2803055555556,24.41,0.05,"low","air"
"1076",344,13.5348333333333,23.66,1.34,"low","air"
"1077",345,13.3097361111111,21.89,4.35,"low","air"
"1078",346,12.3540092592593,22.61,2.42,"low","air"
"1079",347,11.445894278607,25.55,0.99,"low","air"
"1080",348,10.8431879543094,24.15,-0.03,"low","air"
"1081",349,10.109212962963,24.58,-0.73,"low","air"
"1082",350,10.7977268518519,25.6,-1.24,"low","air"
"1083",351,10.5424583333333,25.38,0.47,"low","air"
"1084",352,10.1372037037037,23.88,1.59,"low","air"
"1085",353,10.401125,20.29,0.6,"low","air"
"1086",354,9.20585185185185,20.75,0.16,"low","air"
"1087",355,10.0651712962963,21.34,0.11,"low","air"
"1088",356,10.722787037037,19.41,-0.45,"low","air"
"1089",357,9.15077777777778,18.89,-2.98,"low","air"
"1090",358,9.66977777777778,18.13,0.82,"low","air"
"1091",359,10.0306018518519,20.39,0.19,"low","air"
"1092",360,7.16383333333333,17.49,-0.56,"low","air"
"1093",361,8.06844907407407,18.63,-1.38,"low","air"
"1094",362,8.69096759259259,21.22,-0.06,"low","air"
"1095",363,9.14541906130268,23.21,0.8,"low","air"
"1096",364,9.83871031746032,24.92,-3.96,"low","air"
"1097",365,8.80804563492064,23.66,-4.65,"low","air"
"1098",366,5.49329861111111,10.34,-0.12,"low","air"
"1099",1,-3.86654983036472,12.39,-12.306,"high","air"
"1100",2,-1.65370854537744,12.94,-9.508,"high","air"
"1101",3,2.16947094995759,11.61,-6.39,"high","air"
"1102",4,3.13299151823579,10.61,-6.23,"high","air"
"1103",5,3.61094624681934,14.15,-1.04,"high","air"
"1104",6,3.04623399067006,12.44,-3.627,"high","air"
"1105",7,2.80814365988126,11.492,-5.17,"high","air"
"1106",8,-0.223690521628499,12.46,-6.77,"high","air"
"1107",9,-0.465631891433418,10.12,-7.575,"high","air"
"1108",10,-0.0692745971162003,9.14,-6.962,"high","air"
"1109",11,-0.464782548770144,10.271,-11.61,"high","air"
"1110",12,1.2322304670913,9.85,-13.43,"high","air"
"1111",13,2.4099006164966,12.56,-13.35,"high","air"
"1112",14,0.153469706632653,14.36,-15.06,"high","air"
"1113",15,0.0676343537414966,11.734,-15.43,"high","air"
"1114",16,3.45596545493197,10.907,-4.9,"high","air"
"1115",17,5.74008386479592,10.98,-5.02,"high","air"
"1116",18,5.81297725340136,11.953,0.989,"high","air"
"1117",19,5.94360671768708,11.37,0.715,"high","air"
"1118",20,5.63238275935374,11.686,-6.11,"high","air"
"1119",21,3.77890433673469,12.171,-7.97,"high","air"
"1120",22,2.58975074404762,12.389,-5.854,"high","air"
"1121",23,3.84542038690476,11.22,-5.698,"high","air"
"1122",24,2.66074011479592,12.437,-3.51,"high","air"
"1123",25,3.24698713860544,11.2,-3.75,"high","air"
"1124",26,2.77144696003401,11.69,-4.957,"high","air"
"1125",27,4.34260225340136,10.44,-2.508,"high","air"
"1126",28,6.44538052721088,11.175,-6.96,"high","air"
"1127",29,6.70708322704082,12.17,-9.99,"high","air"
"1128",30,4.32221853741497,14.07,-6.99,"high","air"
"1129",31,2.40121534863946,14.96,-0.68,"high","air"
"1130",32,-2.55922799744898,14.82,-8.43,"high","air"
"1131",33,-1.49055346513605,13.33,-11.147,"high","air"
"1132",34,1.35052444727891,11.61,-9.066,"high","air"
"1133",35,3.65201339285714,14.24,-8,"high","air"
"1134",36,5.12926870748299,14.457,-4.257,"high","air"
"1135",37,6.91654485544218,14.505,-4.469,"high","air"
"1136",38,7.55070918367347,14.505,-2.859,"high","air"
"1137",39,8.25417166241497,14.86,-2.39,"high","air"
"1138",40,8.27686011904762,15.175,-8.4,"high","air"
"1139",41,8.55143994472789,14.074,-10.23,"high","air"
"1140",42,7.15624181547619,14.29,-9.75,"high","air"
"1141",43,5.25701020408163,15.485,-9.75,"high","air"
"1142",44,7.78028667091837,14.864,-8.56,"high","air"
"1143",45,8.39195631377551,15.796,-5.95,"high","air"
"1144",46,7.85743069727891,17.177,-9.1,"high","air"
"1145",47,8.14103125,16.32,-3.33,"high","air"
"1146",48,7.67716964285714,14.721,-2.74,"high","air"
"1147",49,8.60468473639456,14.409,-2.8,"high","air"
"1148",50,8.58265008503401,13.69,-3.96,"high","air"
"1149",51,7.89721056547619,13.906,-9.85,"high","air"
"1150",52,7.31230261479592,15.652,-9.95,"high","air"
"1151",53,5.20211107568027,10.79,-8.26,"high","air"
"1152",54,3.30689161358811,11.273,-6.36,"high","air"
"1153",55,1.24077152247668,11.565,-8.66,"high","air"
"1154",56,5.89518214588634,14.218,-8.23,"high","air"
"1155",57,6.36593755301103,15.27,-4.83,"high","air"
"1156",58,6.0581596692112,15.031,-6.93,"high","air"
"1157",59,5.47975169635284,13.522,-7.54,"high","air"
"1158",60,6.83295515267176,14.409,-4.53,"high","air"
"1159",61,5.68288443596268,14.888,-1.9,"high","air"
"1160",62,4.92946649703138,15.796,-3.717,"high","air"
"1161",63,4.91112987701442,16.749,-2.683,"high","air"
"1162",64,5.44464143341815,15.748,-3.986,"high","air"
"1163",65,6.11118066157761,14.1,-2.13,"high","air"
"1164",66,6.18868755301103,12.61,0.77,"high","air"
"1165",67,3.0983812553011,15.22,-7.35,"high","air"
"1166",68,2.43073780746395,15.7,-7.84,"high","air"
"1167",69,5.7325062553011,17.03,-5.02,"high","air"
"1168",70,8.22103678965225,14.77,-5.95,"high","air"
"1169",71,8.18860167514843,15.22,-0.85,"high","air"
"1170",72,4.49123973410529,16.37,-0.088,"high","air"
"1171",73,6.25930311704835,17.8,0.356,"high","air"
"1172",74,5.91780640373198,17.32,-1.56,"high","air"
"1173",75,8.17314079728584,16.18,-2.04,"high","air"
"1174",76,8.88210899067006,16.87,-0.87,"high","air"
"1175",77,7.32587468193384,17.42,-3.63,"high","air"
"1176",78,4.97093988549618,17.87,-9999,"high","air"
"1177",79,6.94401961407973,18.03,-9.3,"high","air"
"1178",80,8.20843013146735,16.7,-9.24,"high","air"
"1179",81,9.68560496183206,16.61,-1.53,"high","air"
"1180",82,8.04182675996607,14.457,-1.79,"high","air"
"1181",83,5.13103975826972,13.305,-0.535,"high","air"
"1182",84,6.30980905428329,14.75,0.384,"high","air"
"1183",85,8.10057718405428,15.031,-1.58,"high","air"
"1184",86,9.63898134011874,18.319,-2.6,"high","air"
"1185",87,10.4062041984733,18.438,-1.41,"high","air"
"1186",88,9.78618723494487,17.558,1.97,"high","air"
"1187",89,7.43470122985581,17.415,-1.413,"high","air"
"1188",90,5.43270960559796,16.56,-3.508,"high","air"
"1189",91,4.21488242154368,15.77,-5.11,"high","air"
"1190",92,5.52034966072943,14.6,-2.596,"high","air"
"1191",93,6.71446034775233,14.505,-5.018,"high","air"
"1192",94,9.11506679389313,15.75,-0.73,"high","air"
"1193",95,9.87096988973707,16.42,-2.16,"high","air"
"1194",96,9.89841009329941,16.915,0.577,"high","air"
"1195",97,10.7468619592875,18.794,1.126,"high","air"
"1196",98,9.25544783715013,17.701,-2.13,"high","air"
"1197",99,6.42259022476675,18.604,-3.12,"high","air"
"1198",100,7.03108693808312,19.77,-3.33,"high","air"
"1199",101,5.46143373621713,19.15,0.024,"high","air"
"1200",102,4.62979930025445,17.65,-1.242,"high","air"
"1201",103,6.97088708651399,17.53,-2.07,"high","air"
"1202",104,8.83477618744699,16.2,-1.13,"high","air"
"1203",105,9.08288867684478,17.46,-6.83,"high","air"
"1204",106,4.19592302798982,16.73,-5.17,"high","air"
"1205",107,3.30464164546226,17.701,-1.641,"high","air"
"1206",108,5.96451314673452,17.44,-2.68,"high","air"
"1207",109,8.65805576759966,18.15,-0.31,"high","air"
"1208",110,10.151542302799,17.92,-3.6,"high","air"
"1209",111,10.5166850084818,20.25,3.85,"high","air"
"1210",112,10.537221692112,21.7,1.643,"high","air"
"1211",113,10.1287242930591,23.64,2.396,"high","air"
"1212",114,7.23846856112819,22.3,-0.704,"high","air"
"1213",115,7.28653562340967,20.84,0.051,"high","air"
"1214",116,3.98776523870418,20.65,-0.845,"high","air"
"1215",117,4.52812478687127,17.13,-2.742,"high","air"
"1216",118,7.20779475703325,18.82,1.534,"high","air"
"1217",119,7.27656287297528,20.08,-0.7,"high","air"
"1218",120,8.79444970161978,19.888,-1.213,"high","air"
"1219",121,10.1362445652174,21.079,0.218,"high","air"
"1220",122,9.10124435208866,19.199,0.522,"high","air"
"1221",123,9.79441911764706,20.484,3.301,"high","air"
"1222",124,9.74659590792839,22.18,3.801,"high","air"
"1223",125,10.986683716965,24,3.906,"high","air"
"1224",126,11.3714287084399,19.389,3.3,"high","air"
"1225",127,7.42062382779199,18.68,1.344,"high","air"
"1226",128,4.98962872975277,15.41,-1.413,"high","air"
"1227",129,4.01096334185848,16.32,-1.613,"high","air"
"1228",130,7.05949062233589,18.105,-0.73,"high","air"
"1229",131,10.8214328644501,17.344,2.26,"high","air"
"1230",132,10.872735400682,19.65,1.344,"high","air"
"1231",133,12.896564258312,22.345,4.402,"high","air"
"1232",134,13.1482303921569,22.537,4.063,"high","air"
"1233",135,9.96259409633419,22.42,2.289,"high","air"
"1234",136,7.97824978687127,22.23,0.024,"high","air"
"1235",137,9.56686008098892,23.42,-0.12,"high","air"
"1236",138,10.3448836317136,23.14,4.69,"high","air"
"1237",139,8.4256153026428,20.222,2.45,"high","air"
"1238",140,10.6174080349531,20.079,5.128,"high","air"
"1239",141,11.1313492114237,23.14,5.282,"high","air"
"1240",142,9.12776374680307,24.58,2.45,"high","air"
"1241",143,8.42957715260017,24.48,-0.395,"high","air"
"1242",144,9.09943574168798,23.38,2.209,"high","air"
"1243",145,10.0869153878943,21.32,4.35,"high","air"
"1244",146,11.3545336743393,20.412,4.298,"high","air"
"1245",147,10.2126153026428,23.521,0.024,"high","air"
"1246",148,12.7195388959932,24.823,1.43,"high","air"
"1247",149,14.3632192028986,22.71,5.44,"high","air"
"1248",150,15.588558397272,22.896,7.015,"high","air"
"1249",151,15.8446246803069,24.508,7.569,"high","air"
"1250",152,15.8357545822677,25.21,8.22,"high","air"
"1251",153,15.882868286445,26.989,9.14,"high","air"
"1252",154,16.9740365515772,25.695,9.238,"high","air"
"1253",155,16.9433523017903,25.72,8.045,"high","air"
"1254",156,18.3965517902813,28.245,9.26,"high","air"
"1255",157,19.4035615942029,28.221,10.1,"high","air"
"1256",158,18.5871481244672,27.924,9.213,"high","air"
"1257",159,17.7500251491901,24.919,10.15,"high","air"
"1258",160,16.3458799019608,25.48,9.81,"high","air"
"1259",161,16.2832652387042,26.26,9.71,"high","air"
"1260",162,14.9685534953112,27.16,7.22,"high","air"
"1261",163,16.002895140665,26.82,7.57,"high","air"
"1262",164,16.91054614237,25.53,6.26,"high","air"
"1263",165,16.3666763640239,24.61,9.509,"high","air"
"1264",166,17.4708741474851,25.72,8.866,"high","air"
"1265",167,18.1510344202899,25.38,9.76,"high","air"
"1266",168,18.8079721867008,26.036,8.568,"high","air"
"1267",169,20.0184310938846,28.25,9.064,"high","air"
"1268",170,22.0729968030691,29.64,9.829,"high","air"
"1269",171,23.19742912,30.849,10.3,"high","air"
"1270",172,22.0636490835465,29.92,11.1,"high","air"
"1271",173,20.8371497229327,28.17,10.44,"high","air"
"1272",174,21.3022001278772,27.9,9.51,"high","air"
"1273",175,18.4749183716965,29.29,11.053,"high","air"
"1274",176,18.7683283248082,27.7,9.71,"high","air"
"1275",177,18.9233769181586,26.158,11.467,"high","air"
"1276",178,18.084771312873,26.33,10.565,"high","air"
"1277",179,18.2876190323956,28.99,12.195,"high","air"
"1278",180,19.3591920289855,27.01,10.61,"high","air"
"1279",181,17.5914050511509,27.92,11.54,"high","air"
"1280",182,15.0115601023018,26.97,11.929,"high","air"
"1281",183,15.9605481670929,25.53,10.61,"high","air"
"1282",184,16.732060741688,25.26,11.88,"high","air"
"1283",185,17.4207167519182,24.9,11.42,"high","air"
"1284",186,17.1680545609548,25.6,10.66,"high","air"
"1285",187,17.7163059462916,26.92,9.81,"high","air"
"1286",188,17.3710046888321,27.78,11.856,"high","air"
"1287",189,16.5245617007673,26.57,13.088,"high","air"
"1288",190,16.2757643861893,22.68,12.534,"high","air"
"1289",191,15.6457674765558,23.5,9.903,"high","air"
"1290",192,15.1261411977835,24.05,7.343,"high","air"
"1291",193,14.4157603367434,23.689,3.932,"high","air"
"1292",194,13.5475842924126,23.088,5.745,"high","air"
"1293",195,12.2886049658994,22.633,4.61,"high","air"
"1294",196,12.6615963341858,23.04,5.591,"high","air"
"1295",197,13.7777717391304,21.53,6.153,"high","air"
"1296",198,12.9870866368286,21.079,6.788,"high","air"
"1297",199,12.4968735080989,21.748,5.591,"high","air"
"1298",200,12.573778026428,23.16,4.141,"high","air"
"1299",201,13.2249634484228,23.136,4.532,"high","air"
"1300",202,13.6648563512361,23.905,1.398,"high","air"
"1301",203,11.988648657289,26.524,0.024,"high","air"
"1302",204,12.9104012148338,25.744,6.408,"high","air"
"1303",205,14.7601726342711,27.112,7.116,"high","air"
"1304",206,15.647598998295,22.298,7.015,"high","air"
"1305",207,15.6089439471441,23.569,7.569,"high","air"
"1306",208,15.9904597186701,22.992,8.22,"high","air"
"1307",209,15.9754178388747,22.32,11.662,"high","air"
"1308",210,16.8655407075874,23.376,11.86,"high","air"
"1309",211,18.7703067988065,25.72,11.662,"high","air"
"1310",212,19.6629050511509,28.245,11.01,"high","air"
"1311",213,19.7687721653879,28.221,11.69,"high","air"
"1312",214,19.2760609548167,27.924,11.783,"high","air"
"1313",215,18.4298575234442,24.919,10.296,"high","air"
"1314",216,18.9628071184996,24.75,12.074,"high","air"
"1315",217,19.2494603580563,25.258,10.69,"high","air"
"1316",218,16.4573211849957,23.905,10.88,"high","air"
"1317",219,15.8267853793691,24.15,11.029,"high","air"
"1318",220,15.7897297527707,24.27,10.247,"high","air"
"1319",221,15.221754369139,26.13,9.509,"high","air"
"1320",222,15.6577834612106,25.72,8.866,"high","air"
"1321",223,15.5167658780904,26.18,9.928,"high","air"
"1322",224,16.8442972080136,25.09,8.568,"high","air"
"1323",225,18.591956202046,27.41,11.029,"high","air"
"1324",226,21.3792258098892,27.7,12.53,"high","air"
"1325",227,22.8385997873472,30.849,10.57,"high","air"
"1326",228,21.5189869592875,29.165,9.39,"high","air"
"1327",229,20.2450479219678,25.38,10.83,"high","air"
"1328",230,19.9911383587786,26.695,11.54,"high","air"
"1329",231,18.0960659457167,24.05,11.662,"high","air"
"1330",232,17.383207591179,23.09,9.312,"high","air"
"1331",233,16.9269570610687,22.274,10.001,"high","air"
"1332",234,16.7054030958439,23.83,9.262,"high","air"
"1333",235,17.976766115352,25.19,10.296,"high","air"
"1334",236,17.9874217557252,25.62,10.541,"high","air"
"1335",237,15.6762725826972,24.63,11.54,"high","air"
"1336",238,15.2736029474131,25.5,11.565,"high","air"
"1337",239,14.9699228159457,26.23,11.516,"high","air"
"1338",240,16.8774913061917,24.1,12.509,"high","air"
"1339",241,17.6345533290925,24.82,12.58,"high","air"
"1340",242,17.4781465224767,25.5,12.51,"high","air"
"1341",243,17.4203636556404,26.72,11.42,"high","air"
"1342",244,16.2706094147583,24.29,10.858,"high","air"
"1343",245,16.4626616836302,24.532,12.49,"high","air"
"1344",246,15.8627828668363,23.67,9.682,"high","air"
"1345",247,16.0806529898219,24.122,9.139,"high","air"
"1346",248,15.7463726675148,24.484,10.541,"high","air"
"1347",249,17.3566728159457,24.823,11.005,"high","air"
"1348",250,17.7893593087362,24.75,11.27,"high","air"
"1349",251,17.9284485793045,25.355,10.98,"high","air"
"1350",252,18.3290576759966,25.162,9.81,"high","air"
"1351",253,17.2374379770992,25.598,8.419,"high","air"
"1352",254,17.3148311068702,24.823,8.25,"high","air"
"1353",255,17.236034351145,22.657,8.92,"high","air"
"1354",256,15.1546486429177,22.87,-9999,"high","air"
"1355",257,15.1000587362171,21.27,8.64,"high","air"
"1356",258,15.7656845843936,22.537,7.52,"high","air"
"1357",259,16.958411259542,25.21,8.37,"high","air"
"1358",260,17.228600826972,26.475,8.22,"high","air"
"1359",261,17.926290394402,24.243,9.11,"high","air"
"1360",262,16.8608167938931,23.448,10.907,"high","air"
"1361",263,16.6372906064461,22.42,8.17,"high","air"
"1362",264,16.1201529898219,24.581,11.005,"high","air"
"1363",265,15.3068675784563,24.388,7.47,"high","air"
"1364",266,15.9658713952502,25.113,5.33,"high","air"
"1365",267,16.8067440627651,24.726,3.2,"high","air"
"1366",268,15.5308693808312,21.461,4.77,"high","air"
"1367",269,14.9877365351993,19.841,6.41,"high","air"
"1368",270,14.5711010390161,20.817,4.43,"high","air"
"1369",271,14.6526083545377,20.388,3.93,"high","air"
"1370",272,15.0071170483461,20.98,6.56,"high","air"
"1371",273,15.5622648430874,22.513,5.514,"high","air"
"1372",274,15.9069387192536,22.13,5.796,"high","air"
"1373",275,15.812052374894,23.28,6.687,"high","air"
"1374",276,15.1068014206955,23.304,6.26,"high","air"
"1375",277,14.7622189355386,23.593,5.08,"high","air"
"1376",278,12.4511218193384,21.6,3.14,"high","air"
"1377",279,11.6068635496183,19.1,3.12,"high","air"
"1378",280,11.0086991094148,20.6,-1.36,"high","air"
"1379",281,13.1767631467345,20.412,-1.3,"high","air"
"1380",282,13.7858295165394,22.465,2.1,"high","air"
"1381",283,14.2154620441052,21.7,1.21,"high","air"
"1382",284,15.2626604113656,22.8,1.26,"high","air"
"1383",285,15.4494849448685,23.28,3.99,"high","air"
"1384",286,15.0076280746395,21.795,2.48,"high","air"
"1385",287,16.1415083757422,22.537,1.48,"high","air"
"1386",288,14.69104442324,21.46,3.62,"high","air"
"1387",289,13.507526187447,20.39,1.1,"high","air"
"1388",290,11.743695610687,19.51,2.34,"high","air"
"1389",291,12.9545823791349,20.25,3.99,"high","air"
"1390",292,12.7203037531807,19.34,5.46,"high","air"
"1391",293,11.6997749151824,19.365,4.141,"high","air"
"1392",294,9.60333874045802,19.841,0.77,"high","air"
"1393",295,8.9214181509754,18.89,2.396,"high","air"
"1394",296,9.98853742578456,22.42,3.195,"high","air"
"1395",297,11.0183601569126,19.27,5.231,"high","air"
"1396",298,12.5660400763359,20.698,6.03,"high","air"
"1397",299,13.0916510814249,21.318,3.01,"high","air"
"1398",300,12.5817312340967,20.222,1.81,"high","air"
"1399",301,12.3663122349449,20.507,2.82,"high","air"
"1400",302,10.6096845843936,20.698,2.047,"high","air"
"1401",303,8.8691661365564,21.103,0.44,"high","air"
"1402",304,10.2576279686175,20.96,0.3,"high","air"
"1403",305,13.4389110474979,22.609,4.43,"high","air"
"1404",306,12.145227735369,18.081,-0.143,"high","air"
"1405",307,9.81991019932146,13.882,-1.986,"high","air"
"1406",308,8.11643384223919,17.486,-1.299,"high","air"
"1407",309,8.05258015267176,18.937,-4.71,"high","air"
"1408",310,10.0330198261238,20.507,-1.44,"high","air"
"1409",311,10.2905214164546,19.603,-5.33,"high","air"
"1410",312,9.41592430025445,17.344,-6.33,"high","air"
"1411",313,9.23334043681086,16.63,-1.13,"high","air"
"1412",314,7.81579124257846,18.723,-2.508,"high","air"
"1413",315,5.92406424936387,17.796,-4.99,"high","air"
"1414",316,8.6429882176521,18.271,-7.25,"high","air"
"1415",317,9.95284944868533,19.603,-0.73,"high","air"
"1416",318,10.9537939991518,22.034,-1.21,"high","air"
"1417",319,10.7583497667515,21.246,-0.26,"high","air"
"1418",320,6.09371660305344,18.509,-5.854,"high","air"
"1419",321,6.81306075063613,19.746,-6.642,"high","air"
"1420",322,6.69674554707379,16.939,-0.004,"high","air"
"1421",323,8.45307485156913,15.652,1.32,"high","air"
"1422",324,10.1482719465649,15.175,0.61,"high","air"
"1423",325,8.4404221798134,15.58,-1.01,"high","air"
"1424",326,6.28889525021204,16.27,-0.62,"high","air"
"1425",327,4.87353053435115,19.03,-1.356,"high","air"
"1426",328,5.85142705682782,18.32,-3.54,"high","air"
"1427",329,5.93359594995759,18.32,-5.02,"high","air"
"1428",330,5.21876070822731,19.77,-2.42,"high","air"
"1429",331,4.24662330364716,16.701,-1.61,"high","air"
"1430",332,0.31406721798134,16.463,-4.348,"high","air"
"1431",333,-0.923109202714165,14.46,-5.698,"high","air"
"1432",334,-0.859469359626802,12.27,-7.122,"high","air"
"1433",335,1.1461925360475,12.92,-6.325,"high","air"
"1434",336,3.56810370182556,12.87,-5.33,"high","air"
"1435",337,4.67266466552316,13.738,-8.33,"high","air"
"1436",338,3.83792116538132,11.22,-11.11,"high","air"
"1437",339,4.93493564497717,15.08,-10.23,"high","air"
"1438",340,6.08589412100457,17.13,-11.65,"high","air"
"1439",341,6.10797674086758,15.963,-7.51,"high","air"
"1440",342,5.82403867009132,13.161,-4.59,"high","air"
"1441",343,6.55028724315069,13.93,-7.32,"high","air"
"1442",344,7.27886572488584,13.185,-1.73,"high","air"
"1443",345,5.50302497146119,11.18,-1.38,"high","air"
"1444",346,2.3716685216895,10.051,-5.233,"high","air"
"1445",347,1.69484089611872,9.88,-6.073,"high","air"
"1446",348,0.77192551369863,10.247,-8.597,"high","air"
"1447",349,1.95552853881279,13.714,-10.162,"high","air"
"1448",350,1.70658090753425,14.39,-11.65,"high","air"
"1449",351,2.56605936073059,15.03,-5.23,"high","air"
"1450",352,0.144152397260274,13.4,-6.262,"high","air"
"1451",353,0.929340325342466,8.07,-6.64,"high","air"
"1452",354,1.97376655251142,7.22,-8.4,"high","air"
"1453",355,5.03733176369863,12.001,-9.68,"high","air"
"1454",356,4.32596132990868,9.312,-11.54,"high","air"
"1455",357,2.03621675228311,8.57,-11.54,"high","air"
"1456",358,1.75921190068493,11.66,-7.12,"high","air"
"1457",359,-0.192700770547945,11.1,-6.42,"high","air"
"1458",360,-6.96546660958904,11.9,-9.679,"high","air"
"1459",361,-3.59701683789954,11.66,-10.371,"high","air"
"1460",362,0.67659774543379,12.07,-7.64,"high","air"
"1461",363,0.580299942922374,13.91,-9.134,"high","air"
"1462",364,1.44453738584475,13.86,-7.738,"high","air"
"1463",365,1.23210944634703,11.2,-8.932,"high","air"
"1464",366,0.953766323024055,4.376,-10.09,"high","air"
