"","julian","low_soil_mean","low_soil_max","low_soil_min","mid_soil_mean","mid_soil_max","mid_soil_min","high_soil_mean","high_soil_max","high_soil_min","low_ground_mean","low_ground_max","low_ground_min","mid_ground_mean","mid_ground_max","mid_ground_min","high_ground_mean","high_ground_max","high_ground_min","low_air_mean","low_air_max","low_air_min","mid_air_mean","mid_air_max","mid_air_min","high_air_mean","high_air_max","high_air_min"
"1",1,5.09444545454545,6.521,3.42,3.24522569444444,6.425,0.86,NA,NA,NA,5.03109272727273,6.835,2.9045,3.29888072916667,7.2043,-1.0145,NA,NA,NA,3.1269385,10.9439,-2.7069,-0.0339591711805555,11.9621,-6.3151,-0.187513333333333,8.1616,-6.5272
"2",2,4.57168786127168,6.777,3.268,3.2583125,6.126,1.046,NA,NA,NA,4.60599653179191,7.2562,2.8045,3.307034375,8.053,-0.913,NA,NA,NA,5.08144495734266,21.1161,-3.2393,0.885765482638889,14.0405,-6.4528,-0.1952825,10.201,-8.0329
"3",3,5.12123684210526,6.891,3.284,3.40883333333333,6.526,1.438,NA,NA,NA,5.15019649122807,7.2455,2.6505,3.3450984375,9.1325,-0.22425,NA,NA,NA,6.41063428571429,19.9964,0.10478,2.49390513194444,13.1657,-5.3767,-0.73184275,9.3423,-8.78
"4",4,4.80733898305085,7.185,3.38,3.55605208333333,6.486,2.147,NA,NA,NA,4.92043050847458,7.412,3.1515,3.36713107638889,7.8528,-0.3975,NA,NA,NA,9.55182688172043,18.0095,1.9887,3.90293299375,13.1117,-3.2631,0.910943866666667,9.0265,-9.65
"5",5,5.11937623762376,7.451,3.471,3.65813194444444,7.054,2.178,NA,NA,NA,5.06339306930693,7.7822,2.922,3.38136614583333,9.4703,0.52575,NA,NA,NA,8.60299734513274,16.5565,3.5136,4.34555375694444,14.3909,-4.3543,2.06007753333333,10.2778,-6.03
"6",6,5.0914347826087,7.581,3.541,3.83984375,7.42,2.127,NA,NA,NA,5.06998188405797,7.7497,3.2332,3.41638767361111,9.513,0.79975,NA,NA,NA,10.3021271186441,16.7846,5.1334,3.38991802430556,14.8307,-5.7071,0.713080833333333,9.809,-5.97
"7",7,5.88139726027397,7.776,3.989,3.99705555555556,7.147,2.324,NA,NA,NA,5.76865753424658,8.3352,3.3577,3.52450954861111,8.6002,0.634,NA,NA,NA,10.403505952381,14.75,2.9785,4.84934240972222,14.058,-6.2987,-1.61516355140187,8.0387,-9.19
"8",8,6.15540677966102,7.195,5.032,3.81808680555556,6.4,1.336,NA,NA,NA,6.10567118644068,7.473,4.3655,3.42381388888889,8.8465,-0.29025,NA,NA,NA,10.1150612244898,19.3765,4.3081,4.27226264930556,11.9126,-7.2037,-2.50746431192661,5.7224,-9.5691
"9",9,5.2242421875,8.11,2.945,3.78877777777778,6.403,1.43,NA,NA,NA,5.20800078125,8.97,2.6455,3.35034340277778,7.6092,0.492,NA,NA,NA,7.49141175182482,17.4964,-1.9696,3.2092840625,12.7139,-10.4142,0.287711111111111,8.1672,-10.0541
"10",10,5.64866666666667,7.676,3.024,3.94658333333333,6.033,1.512,NA,NA,NA,5.64570909090909,8.4277,2.7058,3.56954027777778,6.2935,0.552,NA,NA,NA,9.10998991071428,15.1709,0.39649,3.35747367708333,12.2552,-10.1907,6.36754791666667,9.5416,3.7137
"11",11,5.45260759493671,7.621,4.505,3.993375,6.792,1.609,NA,NA,NA,5.19491265822785,7.8327,3.795,3.75320190972222,7.274,0.9175,NA,NA,NA,5.99038163043478,14.1674,-2.4993,5.30308704861111,13.1658,-2.1865,4.4371170212766,6.4168,2.3606
"12",12,4.59461855670103,6.222,3.013,3.98145833333333,6.915,1.686,NA,NA,NA,4.50878453608247,6.2467,2.6575,3.85224027777778,7.8157,0.28875,NA,NA,NA,5.30642021276596,15.4142,-5.863,6.18630051388889,12.088,-3.3518,1.03499216,5.3792,-8.5431
"13",13,6.01355072463768,7.762,3.104,3.95784722222222,6.885,1.716,NA,NA,NA,6.00014275362319,8.4735,2.6528,3.80253055555556,8.0883,-0.05525,NA,NA,NA,5.52532028448276,13.9557,-0.050155,5.15251538194444,10.2792,-3.8183,1.38840362604167,4.9156,-1.2317
"14",14,4.60000641025641,7.545,3.057,3.92020138888889,6.349,1.607,NA,NA,NA,4.5159141025641,8.1242,2.4863,3.74960555555556,7.5475,0.29275,NA,NA,NA,5.43131084615385,13.6292,-5.486,5.66315660625,10.3429,-4.2773,1.25801661458333,8.0999,-4.4744
"15",15,5.24887150837989,6.875,3.041,3.98264930555556,6.587,1.721,NA,NA,NA,5.13221229050279,7.1425,2.361,3.89578472222222,8.332,0.556,NA,NA,NA,7.00813006535948,17.93,-5.5654,7.95542465277778,11.4038,1.4257,1.30102645833333,7.2545,-4.3662
"16",16,4.857,6.752,2.684,4.07469791666667,6.86,1.728,NA,NA,NA,4.7105858974359,7.0575,2.4132,3.98399340277778,8.4558,-0.589,NA,NA,NA,7.33426307692308,19.47,-2.7402,7.56993472222222,12.2977,1.2288,-1.67430645833333,4.7427,-6.5448
"17",17,5.48172625698324,7.081,2.702,3.69195486111111,6.99,1.676,NA,NA,NA,5.46803463687151,7.4908,2.2342,3.5844296875,8.3748,0.30325,NA,NA,NA,9.20467682926829,19.443,1.1769,4.60973246527778,11.7851,-6.6684,-3.56268298958333,2.0322,-10.6247
"18",18,5.47201169590643,7.37,2.722,3.5705625,6.747,1.651,NA,NA,NA,5.50244269005848,7.6982,2.2805,3.51554513888889,8.4823,0.44125,NA,NA,NA,11.2131064327485,19.2764,4.6427,4.61878817708333,10.3055,-6.8819,-1.3954497254902,3.7804,-6.8424
"19",19,5.44618099547511,7.69,2.98,3.58089583333333,6.685,1.437,NA,NA,NA,5.34367239819005,8.1803,2.2445,3.48047204861111,7.5022,-0.605,NA,NA,NA,10.2480809090909,18.2755,3.3392,5.74992118055556,9.9662,-0.2624,-0.642183236363636,5.1494,-6.29
"20",20,5.80525136612022,7.623,3.48,3.63608333333333,6.022,1.429,NA,NA,NA,5.6165306010929,8.0407,2.8152,3.65411354166667,8.08,0.70875,NA,NA,NA,10.2248216216216,19.1207,1.2286,4.95393475,10.7151,-2.1402,-0.806897175,4.2525,-7.36
"21",21,6.27466666666667,7.587,4.105,3.47638194444444,6.263,1.096,NA,NA,NA,6.27079027777778,8.195,3.7232,3.52236493055556,8.3305,0.60075,NA,NA,NA,10.5168277777778,18.2022,7.2378,5.39588097569444,12.2758,-1.3663,-2.74222389784946,2.8967,-8.42
"22",22,6.20167832167832,7.813,4.026,3.25201388888889,6.476,0.917,NA,NA,NA,6.17603006993007,8.5315,3.4678,3.23486006944444,7.6337,0.2255,NA,NA,NA,10.6140444444444,17.9932,2.1481,4.68269981944444,10.9118,-6.9547,-2.49986067777778,5.0254,-9.81
"23",23,5.50935,7.415,1.897,3.33680902777778,7.28,0.925,NA,NA,NA,5.4551395,7.8358,1.62,3.46419131944444,9.0853,0.197,NA,NA,NA,10.5799699497487,16.6382,0.58519,3.54619862152778,13.8497,-7.972,-2.88576962416667,3.6595,-9.6474
"24",24,5.48970142180095,7.272,1.374,3.24436805555556,7.662,0.951,NA,NA,NA,5.39387014218009,7.5813,0.915,3.21905260416667,10.285,-0.547,NA,NA,NA,9.36440283018868,17.0793,1.2371,2.80609899305556,16.4726,-8.2364,-4.63506743333333,0.036258,-10.5
"25",25,6.35840145985401,7.599,4.381,2.83906944444444,7.486,0.4,NA,NA,NA,6.36915401459854,8.1208,3.5655,3.02149131944444,9.5215,-0.15175,NA,NA,NA,10.7148717391304,17.9804,1.6425,2.69467522569444,11.8026,-7.2172,-4.58181663551402,4.7685,-12.67
"26",26,5.74702234636872,8.02,2.297,2.71553819444444,6.379,0.524,NA,NA,NA,5.80616089385475,8.745,2.1158,2.88905833333333,7.7865,0.06725,NA,NA,NA,8.69416117977528,19.8374,-3.5545,2.80538856944444,8.2873,-7.3395,1.78931427083333,9.7605,-4.4967
"27",27,5.70059550561798,8.09,2.498,2.66939930555556,6.077,0.94,NA,NA,NA,5.77265505617977,8.795,2.464,2.77955017361111,8.298,-0.2455,NA,NA,NA,7.96014,19.715,-1.2441,3.61894976041667,10.244,-2.4132,2.85692944036697,9.6661,-8.56
"28",28,5.86575862068965,8.09,2.678,2.67492013888889,5.615,1.036,NA,NA,NA,5.95546513409962,8.6375,2.5483,2.72086510416667,6.479,0.039,NA,NA,NA,7.23542710344828,14.354,-1.5706,4.44478586805556,9.1804,-0.14496,2.09701094827586,8.0397,-9.77
"29",29,5.72795416666667,7.881,2.786,2.87081944444444,6.418,1.065,NA,NA,NA,5.75005083333333,8.098,2.5622,2.89620885416667,7.9017,0.00725,NA,NA,NA,8.2402625,13.3717,2.5725,6.39925803819444,11.2559,-0.72267,4.54336266666667,9.0146,-0.61
"30",30,5.76752434456929,8.37,2.821,3.09671875,7.163,1.083,NA,NA,NA,5.85371235955056,8.9875,2.631,3.08212170138889,8.6052,-0.54525,NA,NA,NA,9.50442835205993,15.578,-1.2592,6.49188545138889,11.7841,-0.99735,4.42025333333333,8.95,1.0739
"31",31,6.07522988505747,8.12,2.816,3.29292013888889,7.263,1.091,NA,NA,NA,6.1897275862069,8.55,2.451,3.13049982638889,8.4337,-0.1505,NA,NA,NA,8.95345042145594,16.5146,0.52624,5.419775971875,15.8822,-1.9025,2.455183675,9.19,-4.2824
"32",32,5.76220952380952,8.08,2.84,3.37724652777778,7.529,0.814,NA,NA,NA,5.78938666666667,8.756,2.345,3.21341267361111,9.697,-0.257,NA,NA,NA,8.49322830188679,16.3214,1.3282,6.34481694236111,15.7929,-0.24812,0.514350408602151,9.43,-5.8303
"33",33,5.531765625,7.892,2.913,3.47724652777778,7.497,0.789,NA,NA,NA,5.4746515625,8.3663,2.3035,3.40065989583333,9.2858,-0.255,NA,NA,NA,10.1069442708333,16.7914,5.4301,5.95805965277778,14.6366,-7.2238,0.372088194444444,7.56,-4.1494
"34",34,5.61611818181818,8.25,3.022,3.50517361111111,7.254,0.789,NA,NA,NA,5.53650272727273,8.7035,2.1732,3.38902100694444,9.0373,-0.49275,NA,NA,NA,8.91550383561644,16.305,-0.23572,3.48421612847222,14.5062,-8.2295,0.59918375,7.8396,-5.96
"35",35,5.6457558685446,8.49,3.216,3.09076041666667,6.962,0.823,NA,NA,NA,5.41317230046948,9.04,1.8142,3.07063229166667,8.0388,-0.77575,NA,NA,NA,7.59054255868545,17.9908,-1.1182,1.52723489618056,13.2145,-8.8895,0.583194722222222,7.1261,-3.4137
"36",36,5.61972850678733,8.84,3.651,3.28126736111111,6.675,0.874,NA,NA,NA,5.43987737556561,9.5575,2.8085,3.29249375,7.7658,0.00975,NA,NA,NA,7.40369114545455,21.5844,-1.6654,2.68617017361111,12.2138,-8.1954,-2.33432214141414,2.1135,-6.212
"37",37,5.54388014981273,9.06,3.494,3.32685416666667,6.672,0.942,NA,NA,NA,5.45169063670412,9.7075,3.2087,3.25889149305556,7.7203,-1.0837,NA,NA,NA,8.57272079545455,20.616,0.28529,3.09157895833333,12.5013,-4.79,-0.918880953333333,2.9561,-4.7399
"38",38,5.63503125,9.24,3.362,3.29901041666667,5.765,0.965,NA,NA,NA,5.56783576388889,9.9425,2.2782,3.25433333333333,7.4945,-0.02325,NA,NA,NA,7.93836193055556,18.6035,0.054744,3.36057169965278,12.293,-5.559,0.760909733333333,7.2202,-6.18
"39",39,5.90412307692308,9.28,3.323,3.42117708333333,6.694,1.007,NA,NA,NA,5.86635076923077,9.765,2.5438,3.53364809027778,8.2408,-0.73925,NA,NA,NA,8.13628735632184,17.4191,1.9473,6.14076298611111,15.2867,-5.765,2.48591140186916,11.6461,-4.28
"40",40,6.4839,9.94,3.899,3.87212152777778,7.468,1.062,NA,NA,NA,6.40733791666667,10.255,2.8435,3.89103090277778,9.059,-0.27675,NA,NA,NA,8.32906172916667,17.6944,-2.1025,6.48724673611111,13.0179,-7.9562,4.88150434782609,13.1471,-3.1033
"41",41,6.63539330543933,9.89,4.348,3.9044375,8.19,1.096,NA,NA,NA,6.60233891213389,10.1825,3.5972,4.09202152777778,10.4425,0.50675,NA,NA,NA,9.68414157916667,21.2015,-2.7509,5.40191086458333,14.4371,-4.5018,7.91304312,12.4293,-0.80044
"42",42,6.6629375,9.31,3.939,3.89184375,8.34,1.096,NA,NA,NA,6.6347625,9.2675,3.3082,3.9031765625,10.4525,0.00925,NA,NA,NA,8.99462863333333,19.7711,-2.4629,4.04293454166667,14.2388,-9.3988,6.34734270833333,12.1409,1.9426
"43",43,6.96412916666667,8.91,3.919,3.82799652777778,8.42,1.091,NA,NA,NA,6.95033333333333,9.225,3.6045,3.90084583333333,9.8495,0.50325,NA,NA,NA,8.97528758333333,21.7727,-2.1983,4.29135840277778,12.0441,-10.3776,3.69805869791667,11.2202,-4.4229
"44",44,6.84585416666667,9.17,3.557,3.88076736111111,8.47,1.105,NA,NA,NA,6.79948541666667,9.5375,3.1397,3.99827829861111,10.584,0.245,NA,NA,NA,9.71891945833333,18.9224,0.36265,5.67216543055556,12.428,-3.0483,1.36544587155963,10.145,-7.2843
"45",45,6.673944,9.49,3.704,3.92628125,8.3,1.088,NA,NA,NA,6.5871708,9.9225,3.2092,3.97507847222222,10.245,-0.102,NA,NA,NA,10.4942312,21.2159,2.215,4.92386473819444,12.6981,-9.1487,0.499869166666667,8.9214,-10.9673
"46",46,6.71294402985075,9.76,4.012,3.91562847222222,8.54,1.036,NA,NA,NA,6.64425858208955,10.0675,3.4987,4.0026671875,9.8975,-0.14175,NA,NA,NA,10.3849432434457,19.153,-1.8195,6.60780694444444,12.5988,-9.3454,0.151939166666667,9.6454,-11.2092
"47",47,7.04608076923077,9.74,4.591,4.03429513888889,8.53,0.977,NA,NA,NA,7.01747653846154,9.965,3.8357,4.13299079861111,10.855,0.40075,NA,NA,NA,12.1021022605364,18.6781,0.06033,6.58821979166667,12.324,-6.9995,1.617735,11.5463,-10.1736
"48",48,7.61770416666667,9.85,5.151,4.35750347222222,8.15,0.943,NA,NA,NA,7.64007791666667,10.1575,4.7368,4.33418333333333,10.94,-0.1915,NA,NA,NA,13.50570625,21.1119,6.5495,7.72640267361111,13.1464,-3.4798,1.97418408333333,11.7813,-10.1919
"49",49,7.33031950207469,9.76,3.561,4.53931944444444,7.743,0.912,NA,NA,NA,7.31233319502075,10.0625,3.3533,4.6005015625,10.6975,0.28225,NA,NA,NA,10.93719125,19.6943,1.7487,7.05195520833333,14.9722,-5.1078,2.0204962825,11.2476,-4.29
"50",50,6.91136966824645,9.69,3.889,3.98984722222222,7.462,0.89,NA,NA,NA,6.74694928909953,9.8875,3.3513,3.97569704861111,9.3555,-0.3085,NA,NA,NA,8.73891273584906,17.853,3.8048,3.43930815972222,14.8077,-4.8846,-2.10887332773109,4.4805,-8.179
"51",51,6.88522624434389,9.65,4.631,3.44225694444444,6.075,0.904,NA,NA,NA,6.74439819004525,10.0775,4.1833,3.43010711805556,6.6555,-0.153,NA,NA,NA,7.0750232,16.1092,-0.41839,2.12207041180556,12.4173,-6.4207,-3.09694616666667,4.701,-8.7748
"52",52,6.84261506276151,9.49,4.44,3.27999305555556,6.228,0.825,NA,NA,NA,6.75399456066946,9.6275,3.9003,3.21364079861111,6.6943,0.093,NA,NA,NA,6.489815455875,14.8418,-3.356,2.45056619444444,11.4401,-7.7514,-0.396175833333333,6.9304,-6.6278
"53",53,6.9988544600939,9.21,4.432,3.37394791666667,6.701,0.69,NA,NA,NA,6.96673990610329,9.6475,3.758,3.2941875,7.3445,-0.42575,NA,NA,NA,7.85793004694836,13.0797,2.6518,5.53597194444444,14.3996,-5.6932,1.71731678504673,8.8364,-4.75
"54",54,6.55626363636364,8.92,3.586,3.55543055555556,6.634,0.714,NA,NA,NA,6.46275636363636,9.24,3.1757,3.45670763888889,8.1493,-0.543,NA,NA,NA,6.98420397260274,13.3472,-1.4588,4.08518267361111,12.4214,-5.01,5.0972426875,9.4396,-1.4908
"55",55,5.8874932735426,8.11,3.478,3.37629513888889,6.569,0.835,NA,NA,NA,5.90380852017937,8.6975,3.0553,3.30569826388889,7.9348,0.22475,NA,NA,NA,6.473099,17.2485,-3.2515,3.94390653402778,11.4704,-4.1096,4.56436972477064,11.0369,-15.37
"56",56,5.85122083333333,8.25,3.384,3.44532291666667,6.83,0.8,NA,NA,NA,5.83822083333333,8.325,3.123,3.46617951388889,9.0675,-0.07875,NA,NA,NA,7.81919005416667,18.2587,-3.56,3.76919486111111,10.6776,-6.1791,2.37528166666667,8.482,-13.85
"57",57,6.14996126760563,8.53,3.508,3.26452777777778,6.616,0.821,NA,NA,NA,6.08991725352113,9.0025,3.0352,3.22306267361111,7.3752,0.13675,NA,NA,NA,8.67639805243446,18.461,-1.4006,1.67773965972222,11.6679,-6.4854,1.37825170833333,9.7903,-12.82
"58",58,6.28773611111111,8.75,3.72,2.86656597222222,4.878,0.791,NA,NA,NA,6.18733645833333,9.22,2.815,2.75819479166667,6.226,0.01925,NA,NA,NA,7.30046301736111,18.7789,-1.5243,2.42513911458333,11.2589,-4.5445,0.725299725,9.5596,-10.41
"59",59,6.34998263888889,8.31,4.012,3.03228125,5.055,0.812,NA,NA,NA,6.30672395833333,8.765,3.146,2.90394166666667,5.4428,0.04525,NA,NA,NA,6.38155620138889,17.195,-0.16991,2.91669136111111,8.9798,-7.6984,-2.64393166666667,7.5359,-9.62
"60",60,6.60020737327189,8.2,4.077,2.89027430555556,5.935,0.823,NA,NA,NA,6.53020783410138,8.7775,3.537,2.80208090277778,7.6102,-0.125,NA,NA,NA,6.27515944017094,14.364,-1.4038,1.69435971875,11.0351,-9.6074,-3.23970666666667,7.6253,-11.8702
"61",61,5.83595744680851,8.45,3.79,2.99597916666667,6.698,0.787,NA,NA,NA,5.79636042553191,9.235,3.3758,2.97524375,7.3935,0.1075,NA,NA,NA,6.52197666666667,17.2137,0.52584,4.04543597222222,11.0924,-4.8062,-1.09132166666667,8.3474,-7.5378
"62",62,6.117925,8.65,4.019,2.90105902777778,7.094,0.856,NA,NA,NA,6.07574625,9.4625,3.5957,2.95494947916667,7.8775,0.33125,NA,NA,NA,8.4535929,18.6272,0.033466,4.30875437847222,13.1114,-4.4843,-0.000478151260504202,8.1628,-9.6023
"63",63,6.46614285714286,9,4.252,3.361875,7.665,0.791,NA,NA,NA,6.52154744897959,9.4625,3.8505,3.45203732638889,9.5343,0.03875,NA,NA,NA,9.21916804225352,18.3596,-0.2297,5.93446322916667,14.3322,-5.537,2.39915366666667,9.3805,-8.1597
"64",64,6.36861440677966,8.97,4.527,4.05616319444444,7.935,0.804,NA,NA,NA,6.39495889830508,9.71,4.0245,3.98330086805556,9.7575,0.306,NA,NA,NA,9.3468698630137,16.5728,1.8548,7.69406805555556,13.425,2.1799,4.28019583333333,9.8333,-2.22
"65",65,6.71437686567164,8.82,4.42,4.26964236111111,8.75,0.852,NA,NA,NA,6.72226828358209,9.545,3.9333,4.40990850694444,11.6375,-0.46525,NA,NA,NA,9.70390248314607,18.6191,-1.1866,7.32916795486111,13.4292,-0.038545,2.48330591666667,9.0267,-11.57
"66",66,7.49348163265306,9.14,4.339,4.636625,9.38,0.809,NA,NA,NA,7.53198775510204,9.825,4.0107,4.97503489583333,11.3425,0.045,NA,NA,NA,9.24811398467433,18.4256,-4.7615,7.80429233333333,12.8717,-1.1102,0.0517687833333333,8.2547,-15.18
"67",67,7.02222352941176,9.47,3.759,5.25418055555556,9.39,0.782,NA,NA,NA,6.94186509803922,10.1475,3.1295,5.66242690972222,11.4175,-0.739,NA,NA,NA,7.89887587916667,17.8783,-0.81259,8.4677921875,15.1298,0.18188,-2.331561,7.0716,-10.4897
"68",68,6.63610849056604,8.81,3.657,5.74233680555556,9.38,0.793,NA,NA,NA,6.57920849056604,9.2175,2.954,6.15300486111111,11.945,-0.54975,NA,NA,NA,7.50422150704225,17.2522,-1.6376,8.92827465277778,15.4829,2.7555,-5.54606755,7.66,-15.1905
"69",69,6.46988181818182,8.95,4.095,5.88679861111111,9.71,0.816,NA,NA,NA,6.41101181818182,9.87,3.3742,6.28378506944444,11.705,-0.02225,NA,NA,NA,9.7529085890411,17.833,-0.61126,7.33663676736111,13.2711,-2.6821,1.49976116666667,10.39,-7.6771
"70",70,6.73008208955224,9.35,4.611,5.36465625,9.84,0.797,NA,NA,NA,6.73451044776119,10.1125,4.1995,5.59964774305556,12.8625,0.291,NA,NA,NA,11.2958928689139,20.1331,-0.66425,4.50136255902778,12.0364,-5.3474,3.99862991666667,8.94,-0.8084
"71",71,7.13132986111111,9.36,4.985,5.1355625,10.17,0.672,NA,NA,NA,7.17454201388889,9.9,4.5693,5.66340607638889,15.4075,0.3585,NA,NA,NA,11.4903159722222,19.5656,6.1723,2.93203535763889,11.6773,-8.0058,4.60814416666667,9.66,1.4206
"72",72,7.42294097222222,9.1,5.689,5.26064930555556,10.51,0.466,NA,NA,NA,7.48235868055556,9.5775,5.0688,5.82478854166667,14.67,0.024,NA,NA,NA,11.074296875,19.8384,1.7086,3.71500361111111,13.0136,-10.0851,1.79592565,10.62,-5.3499
"73",73,7.35334027777778,9.6,5.778,5.47272222222222,10.49,0.599,NA,NA,NA,7.38371284722222,10.5475,5.235,6.09010138888889,14.1425,-0.0585,NA,NA,NA,10.9974728472222,22.9684,0.44188,5.34137645833333,13.4445,-4.4432,-0.6226185,11.6,-8.566
"74",74,7.75047569444444,10.35,6.049,5.26832986111111,10.18,0.663,NA,NA,NA,7.84694895833333,11.235,5.559,5.8796046875,13.4225,-0.00975,NA,NA,NA,12.870778125,23.1477,3.7794,6.61627361111111,13.5115,1.4047,-0.0284192425,11.19,-4.325
"75",75,8.19460763888889,10.95,6.616,5.05931944444444,10.65,0.666,NA,NA,NA,8.39501111111111,11.7925,6.3297,5.58806284722222,13.5925,-0.46125,NA,NA,NA,13.4414461805556,22.6718,4.7502,4.9869265625,11.731,-7.0436,0.274230583333333,10.32,-4.5659
"76",76,8.58170486111111,10.98,6.984,4.66758680555556,10.6,0.683,NA,NA,NA,8.75808472222222,11.555,6.5667,5.17412743055556,12.7625,-0.822,NA,NA,NA,12.9322913194444,21.6086,2.8555,3.09337345034722,11.7605,-3.7201,2.569968125,10.09,-0.74136
"77",77,8.92243846153846,10.88,7.354,4.64690625,10.49,0.656,NA,NA,NA,9.03224846153846,11.4375,6.9863,5.1598328125,11.6075,0.0475,NA,NA,NA,12.3087471264368,20.9272,4.7424,4.81652895833333,10.377,-1.1633,3.91784797583333,11.98,-1.3322
"78",78,8.71194029850746,10.75,4.996,4.69134375,8.34,0.773,NA,NA,NA,8.74506343283582,11.4625,4.072,5.31244166666667,10.8725,0.29975,NA,NA,NA,11.0657310921348,19.1963,-0.0072804,4.73259197222222,11.1293,-3.4192,1.5696125,10.65,-9.8634
"79",79,8.66301153846154,10.71,4.697,5.20822222222222,9.48,0.764,NA,NA,NA,8.73261038461538,11.395,3.7902,5.94882847222222,12.8525,0.16,NA,NA,NA,11.5676652873563,18.8911,-2.3924,5.63789052083333,13.0435,-4.776,-1.10809083333333,9.4455,-12.8306
"80",80,8.67617537313433,11.03,4.145,5.44686458333333,10.29,0.681,NA,NA,NA,8.76643134328358,11.6525,3.793,6.20795902777778,12.4825,0.1985,NA,NA,NA,11.6516066146067,19.1983,-4.912,5.23960166666667,13.6558,-2.2308,-0.995818333333333,8.6107,-14.8815
"81",81,8.86163846153846,10.93,4.039,5.19769791666667,10.43,0.527,NA,NA,NA,8.96308730769231,11.5675,3.654,5.88440902777778,12.8675,0.49875,NA,NA,NA,10.8244415210728,18.4729,-0.56289,5.13724875347222,14.7863,-4.9931,2.13365925,7.2367,-4.2042
"82",82,8.52693777777778,10.7,3.381,5.203625,10.47,0.605,NA,NA,NA,8.60455955555556,11.21,3.1335,5.93611805555556,13.9975,-0.53675,NA,NA,NA,10.3988658333333,16.4165,4.2235,6.42412417708333,16.9354,-1.916,1.83963160833333,8.9925,-5
"83",83,7.85236749116608,10.45,3.175,5.29964236111111,10.77,0.527,NA,NA,NA,7.89570706713781,11.4275,2.832,6.05048697916667,13.655,0.18475,NA,NA,NA,8.45978239700375,16.3495,1.0437,8.30751875,14.0498,1.8525,-1.22501957627119,8.3235,-8.8629
"84",84,8.05141538461539,10.14,3.064,5.68938194444444,10.81,0.664,NA,NA,NA,8.05067076923077,10.715,2.681,6.30201510416667,13.3125,-1.0843,NA,NA,NA,8.76521992337165,20.0181,2.5457,8.40048038194444,14.4023,-2.1951,-1.35522643835616,5.1002,-6.9278
"85",85,8.02936,10.33,3.086,5.35910763888889,10.3,0.717,NA,NA,NA,8.09293466666667,10.9775,2.551,5.805059375,12.2975,0.1245,NA,NA,NA,10.4376720833333,19.8754,5.3232,4.12418851041667,15.0594,-5.7083,1.75019236111111,6.6852,-3.82
"86",86,8.02449116607774,10.96,3.674,5.25044444444444,11.47,0.753,NA,NA,NA,7.98275300353357,11.575,2.5137,5.91243350694444,13.11,0.61075,NA,NA,NA,9.46488576779026,21.0177,1.7994,4.029851703125,15.2957,-3.7387,2.52050833333333,7.1366,-2.83
"87",87,8.57457142857143,11.54,4.006,5.49016319444444,12.36,0.806,NA,NA,NA,8.5814396313364,12.5575,2.6723,6.25087864583333,14.41,0.7615,NA,NA,NA,9.88272267521367,23.1363,-0.02187,5.98329444444444,16.0806,1.7188,1.71486097222222,6.5605,-5.76
"88",88,8.43093536121673,11.7,4.235,6.00447222222222,12.31,0.876,NA,NA,NA,8.48812357414449,12.255,3.2645,7.02483854166667,15.8125,1.6578,NA,NA,NA,10.5147394308943,23.1742,3.5046,6.62384466319444,13.9916,-1.2885,2.26784569444444,8.33,-3.8
"89",89,8.43381597222222,11.85,5.131,5.95611458333333,12.01,1.129,NA,NA,NA,8.51759479166667,12.915,4.1763,6.98154878472222,14.7375,0.72225,NA,NA,NA,10.7334170138889,20.6803,4.2582,4.64887895833333,11.2636,-4.6499,0.545580538028169,10.8,-9.4871
"90",90,8.57456944444444,12.05,5.653,5.73400694444444,11.48,1.824,NA,NA,NA,8.64000902777778,12.8625,4.918,6.66377361111111,13.4375,0.651,NA,NA,NA,9.66582121527778,22.3543,-1.2772,3.48679105902778,12.9025,-6.8856,-5.6348875,8.12,-11.4293
"91",91,8.41355555555556,11.75,6.464,5.47857638888889,10.1,1.919,NA,NA,NA,8.47267847222222,12.7225,5.9782,6.34321145833333,11.7575,1.2012,NA,NA,NA,8.79313496527778,22.1733,0.96197,4.19917040277778,13.5534,-4.1795,-5.54335277777778,5.37,-9.3198
"92",92,8.19956944444444,11.19,6.236,5.68821527777778,9.29,3.336,NA,NA,NA,8.22201215277778,11.5275,5.6865,6.25571319444444,12.15,1.6753,NA,NA,NA,7.73461524652778,17.1861,-1.1257,5.20083654861111,14.4741,-5.5587,0.274835670833333,8.67,-5.0944
"93",93,7.95595384615385,10.44,5.091,6.13479166666667,9.85,4.133,NA,NA,NA,8.00940730769231,10.94,4.5105,6.55169826388889,12.805,2.1315,NA,NA,NA,7.69827916858238,17.2829,-0.56408,5.78792322916667,14.1318,-5.0788,3.89896944444444,8.08,0.8941
"94",94,7.88199253731343,10.2,5.112,6.436125,9.93,3.801,NA,NA,NA,8.00064179104478,10.86,4.392,6.94684375,12.65,3.063,NA,NA,NA,10.0606883895131,19.7492,1.0919,7.24374722222222,14.3922,-1.5304,3.50067916666667,6.9794,-0.5
"95",95,8.27181944444444,10.19,5.932,6.87993402777778,10.13,3.589,NA,NA,NA,8.44894722222222,10.9625,5.402,7.51033784722222,13.3475,1.8527,NA,NA,NA,11.3920038194444,19.5054,3.404,6.61220802083333,18.329,-3.0954,3.67980138888889,7.2112,-0.06
"96",96,8.55975347222222,10.02,6.057,6.79424305555556,10.2,2.916,NA,NA,NA,8.75909097222222,10.965,5.5747,7.43209409722222,14.2475,1.4643,NA,NA,NA,10.5071173611111,20.2189,2.1351,5.38930713888889,19.8065,-4.7859,4.37899166666667,8.38,1.5489
"97",97,8.78641923076923,10.3,6.535,7.24656944444444,10.38,2.709,NA,NA,NA,9.00366346153846,11.5525,6.4895,7.90956736111111,14.0425,1.6553,NA,NA,NA,10.1066490421456,19.9059,2.0212,6.55625277777778,14.6403,-5.8029,5.9900375,11.6532,2.19
"98",98,8.47374222222222,10.68,5.169,7.31761458333333,11.73,2.589,NA,NA,NA,8.64125866666667,11.5975,4.5687,7.94979756944444,14.1575,1.2927,NA,NA,NA,10.801618875,22.7888,-1.3824,4.40380539097222,15.4205,-6.3929,6.07835352112676,14.2435,-4.72
"99",99,8.460575,11.16,5.185,6.64205208333333,12.74,1.066,NA,NA,NA,8.54703458333333,12.825,4.6312,7.18365295138889,15.4275,0.54625,NA,NA,NA,10.5342305625,23.0105,-1.0612,3.944019509375,17.3014,-3.2797,4.60841690140845,12.9186,-8.14
"100",100,8.3885176056338,11.14,6.227,6.44440625,13.86,1.339,NA,NA,NA,8.46725281690141,12.97,5.1553,7.00190711805556,16.295,0.58675,NA,NA,NA,10.895185488806,21.7303,-0.35999,5.7999803125,19.2753,-3.9376,0.851288888888889,7.871,-9.61
"101",101,8.67837847222222,11.12,6.807,6.58352777777778,13.93,1.173,NA,NA,NA,8.80228055555555,12.18,6.1312,7.10340329861111,16.77,0.57375,NA,NA,NA,11.216596875,21.6283,3.3041,6.44954473263889,18.6538,-5.5577,-0.221116986111111,3.85,-2.92
"102",102,9.06960763888889,11.41,7.342,6.78277430555556,13.86,1.274,NA,NA,NA,9.27729548611111,12.2725,6.6418,7.35377274305556,16.455,0.1035,NA,NA,NA,12.1700798611111,21.5359,6.5968,7.49353253472222,16.2303,-3.786,-0.106057291666667,3.93,-2.91
"103",103,9.38031944444444,11.81,6.807,7.43248263888889,13.65,2.199,NA,NA,NA,9.59220590277778,12.7825,5.8918,8.00687048611111,15.4025,0.374,NA,NA,NA,11.4535934722222,21.0298,0.2646,7.94033885416667,13.8784,0.46289,1.00064646478873,5.75,-1.2422
"104",104,9.79542307692308,11.9,6.523,8.12551041666667,12.45,4.981,NA,NA,NA,10.0098419230769,12.5075,5.6167,8.53885381944444,15.0575,2.259,NA,NA,NA,11.8093842911877,21.5647,1.9143,8.72154291006945,16.7687,-0.0065319,1.38954847222222,6.0939,-4.57
"105",105,9.84197767857143,11.77,4.852,8.26922916666667,11.55,6.171,NA,NA,NA,9.95393348214286,12.7175,3.9077,8.53540763888889,12.9925,3.9313,NA,NA,NA,10.7002540306276,21.3285,-0.17176,7.47424463020833,17.5946,-0.59117,0.374982791666667,5.12,-6.59
"106",106,9.4183671875,11.98,4.355,8.38411458333333,10.97,5.668,NA,NA,NA,9.475626953125,12.735,3.5565,8.71979270833333,13.8625,5.2505,NA,NA,NA,9.86257178506224,21.1149,-0.21805,8.10704481944444,19.4358,0.015201,1.21732919444444,6.81,-2.2447
"107",107,8.99065671641791,12.07,3.754,8.69509722222222,11.29,4.918,NA,NA,NA,9.06100932835821,12.735,3.3078,9.33285347222222,14.7175,4.6267,NA,NA,NA,9.73713258426966,20.7462,0.18636,8.17848519305556,18.4256,-1.3135,0.629215055555556,6.96,-4.8526
"108",108,8.55036764705882,12.12,4.233,8.8435625,11.71,4.805,NA,NA,NA,8.45259191176471,12.93,3.487,9.755184375,15.9375,3.7652,NA,NA,NA,10.6812178576389,20.7443,-0.49034,7.48641888888889,14.0108,0.35715,2.77770291666667,9.4384,-1.77
"109",109,9.13448360655738,12.35,6.352,8.81264236111111,13.07,5.537,NA,NA,NA,9.22485491803279,13.64,5.3602,9.64250069444445,15.2375,4.6617,NA,NA,NA,13.210075,21.3807,4.4458,7.54401155902778,15.2998,-1.8499,5.69096615384615,9.6843,-0.2
"110",110,9.70385416666667,12.49,7.362,8.62183333333333,14.13,5.235,NA,NA,NA,9.97157916666667,13.275,6.7955,9.44528368055555,17.045,3.8792,NA,NA,NA,14.5874520833333,22.6132,8.1566,7.55341560694444,17.3818,-1.0935,4.97038611111111,9.6692,-2.8
"111",111,10.064838028169,12.5,7.971,9.03586111111111,15.1,5.628,NA,NA,NA,10.3855271126761,13.65,7.3682,9.81605138888889,18.1625,3.9733,NA,NA,NA,15.0629996268657,22.7554,6.2839,9.65499201388889,19.5168,2.3871,5.29397638888889,10.4434,-2.85
"112",112,10.4535416666667,12.36,8.84,10.0177152777778,15.2,6.352,NA,NA,NA,10.7671472222222,13.05,8.2782,10.9083809027778,18.4575,5.6547,NA,NA,NA,15.1806447916667,24.3906,7.7504,12.3698003472222,19.4964,3.6758,6.94458055555556,11.76,3.1
"113",113,10.8251736111111,12.31,9.43,10.8947638888889,14.99,7.442,NA,NA,NA,11.1341979166667,13.13,9.0775,11.9660708333333,17.5725,6.82,NA,NA,NA,15.2963107638889,25.0142,6.9563,13.7420736111111,20.8844,7.9564,7.59451111111111,11.24,4.9232
"114",114,10.9064930555556,12.14,9.67,11.3293055555556,13.99,8.45,NA,NA,NA,11.1120833333333,13.3075,9.2175,12.4917861111111,16.63,6.7775,NA,NA,NA,14.0844409722222,27.8255,3.8159,13.4647072916667,18.0663,9.8047,3.33891434722222,8.56,-1.7734
"115",115,10.7782638888889,12.83,9.34,11.5122222222222,13.69,8.97,NA,NA,NA,10.8924635416667,14.02,8.5745,12.74555,17.22,7.503,NA,NA,NA,12.3826184027778,26.8582,2.1724,12.3754472222222,17.2599,7.0574,-1.31039236111111,4.97,-7.3599
"116",116,10.7292013888889,13.08,8.88,11.33875,13.65,8.42,NA,NA,NA,10.7794756944444,13.58,8.08,12.3679371527778,16.3475,7.1092,NA,NA,NA,10.699409375,21.3082,2.3002,10.5384638888889,17.1727,4.6003,1.50992958333333,4.7235,-1.7
"117",117,10.0855763888889,12.32,7.594,11.0528125,14.06,8.34,NA,NA,NA,10.0186333333333,13.0075,6.6975,12.1231979166667,17.4275,6.8043,NA,NA,NA,8.96358896527778,20.1606,-0.011933,10.5285010416667,17.6552,4.563,-1.43481464788732,6.83,-6.7241
"118",118,10.0232152777778,12.33,7.613,11.1157986111111,14.37,7.647,NA,NA,NA,10.0735711805556,13.8425,7.1107,12.0939243055556,17.11,7.0545,NA,NA,NA,10.8115847222222,23.1528,2.6714,10.8701392361111,17.3727,3.9671,-0.256429972222222,6.63,-6.1346
"119",119,10.308125,12.9,8.27,11.1129618055556,14.16,7.244,NA,NA,NA,10.4059375,13.92,7.7018,12.0454434027778,16.7075,6.6343,NA,NA,NA,12.405109375,23.8868,4.9346,10.6285072916667,17.5565,3.3228,-0.420308805555556,3.6,-2.5066
"120",120,10.5372916666667,13.28,8.85,11.1663923611111,14.54,7.62,NA,NA,NA,10.7059885416667,14.325,8.2637,12.0937333333333,17.71,6.6143,NA,NA,NA,13.1293579861111,24.2256,3.4272,10.3176736111111,16.964,1.6587,-0.581954583333333,7.27,-4.0687
"121",121,10.8401041666667,13.62,8.51,10.7887465277778,15.32,7.712,NA,NA,NA,11.0595295138889,14.425,8.1225,11.7113920138889,18.5775,5.6392,NA,NA,NA,15.5396454861111,24.2589,5.6267,8.49994072569444,19.2171,-2.9402,2.72320263888889,9.06,-1.1462
"122",122,11.38875,13.6,9.21,10.1591458333333,15.58,6.49,NA,NA,NA,11.6545989583333,14.2025,9.027,10.8467041666667,18.525,4.6812,NA,NA,NA,16.9138628472222,23.6637,8.0421,7.1241328125,18.4061,-3.5195,3.21519902777778,11.86,-3.1103
"123",123,11.7272222222222,13.38,9.27,10.09640625,15.92,6.253,NA,NA,NA,11.9842545138889,14.45,8.5965,10.8714805555556,19.8925,4.6275,NA,NA,NA,17.3199420138889,24.5871,8.7614,8.83870872222222,20.0513,-0.75875,4.40644430555556,12.99,-1.593
"124",124,11.8859027777778,13.39,9.56,10.6818298611111,16.71,7.422,NA,NA,NA,12.1416319444444,14.31,9.635,11.5315753472222,19.7925,6.0267,NA,NA,NA,17.1812642361111,26.6664,9.5465,11.2953669201389,22.7865,-0.061486,5.05696923611111,14.5,-0.78495
"125",125,12.0217361111111,13.52,10.14,11.4351041666667,17.35,7.815,NA,NA,NA,12.304740625,14.7925,9.6525,12.3635597222222,20.1225,7.2015,NA,NA,NA,17.3093371527778,27.5858,9.73,12.5482791666667,24.2656,2.1959,7.46733194444444,14.47,3.1371
"126",126,12.0073958333333,13.52,10.41,11.8506875,17.37,7.998,NA,NA,NA,12.2290364583333,14.15,9.5175,12.8499399305556,20.345,7.8215,NA,NA,NA,15.5050145833333,27.0309,7.5391,12.4692152777778,21.7618,1.7533,7.62980694444444,13.79,5.3391
"127",127,11.6846180555556,12.92,10.25,11.95271875,17.2,7.435,NA,NA,NA,11.7379947916667,13.6225,9.74,12.9625524305556,20.4425,6.7683,NA,NA,NA,10.6274319444444,20.3302,3.3412,12.3479920138889,19.822,2.5481,3.34583847222222,8.8,-0.74243
"128",128,10.835737704918,12.24,9.69,11.9084583333333,16.86,7.21,NA,NA,NA,10.6816803278689,12.925,8.363,12.8385121527778,20.8275,6.393,NA,NA,NA,8.55865807692308,18.5036,3.4733,11.3390327847222,19.9338,-1.4321,-1.58561345070423,1.76,-3.37
"129",129,10.6142253521127,12.16,9.67,11.5223923611111,16.59,6.45,NA,NA,NA,10.5804126760563,12.6825,8.9282,12.4862642361111,19.3075,4.9855,NA,NA,NA,9.68012350746269,20.4414,1.7661,9.34618613194444,15.5095,-1.6107,0.764519055555556,7.96,-1.9489
"130",130,10.7744097222222,12.6,9.42,11.4178020833333,15.58,6.101,NA,NA,NA,10.8703399305556,13.0525,8.98,12.1408524305556,18.8125,4.598,NA,NA,NA,12.4905173611111,22.8265,4.9572,10.4194797569444,16.3334,0.29659,2.12025225,9.19,-1.2134
"131",131,11.1929513888889,13.03,9.65,11.4274270833333,15.03,7.311,NA,NA,NA,11.3579340277778,13.785,9.3825,12.1541100694444,18.845,6.3053,NA,NA,NA,14.4771416666667,25.2546,8.1455,9.75185833333333,16.8443,3.5482,6.40787222222222,10.282,1.9088
"132",132,11.7147916666667,13.6,10.15,10.8389027777778,14.73,7.045,NA,NA,NA,11.9228298611111,15.325,9.8725,11.4090329861111,16.915,5.707,NA,NA,NA,16.0408076388889,26.6767,5.9667,7.51739145138889,18.8342,-1.1543,7.34748611111111,11.86,2.4098
"133",133,11.9908333333333,14.31,10.04,10.5808298611111,14.21,6.595,NA,NA,NA,12.1830930555556,15.49,9.59,11.2406569444444,17.02,5.1275,NA,NA,NA,16.0349954861111,27.7168,6.409,8.64893750347222,20.3076,-1.5386,7.15083194444444,11.3744,1.37
"134",134,12.3356147540984,14.82,10.32,11.1662986111111,14.28,7.387,NA,NA,NA,12.5268032786885,15.955,10.105,12.1232375,17.985,6.6695,NA,NA,NA,17.3874330769231,27.9899,5.2384,11.3299034722222,20.3691,3.6599,6.14927222222222,13.1462,-4.52
"135",135,12.3140845070423,15.19,9.89,11.9252777777778,15.32,8.14,NA,NA,NA,12.480310915493,16.4175,8.8825,12.9737701388889,18.965,7.5023,NA,NA,NA,17.4518682835821,28.1549,5.3111,13.3761597222222,20.3963,2.3333,7.27455694444444,13.6574,-2.85
"136",136,12.3254166666667,14.88,9.66,12.2845381944444,15.42,7.53,NA,NA,NA,12.4633534722222,16.0125,9.025,13.4556607638889,18.7625,6.5382,NA,NA,NA,14.8569163194444,27.8479,4.5308,13.633028125,22.4648,2.0686,4.15691944444444,12.4456,-4.48
"137",137,12.559262295082,14.87,9.27,12.3746458333333,15.88,7.441,NA,NA,NA,12.5729200819672,15.7275,9.08,13.3759833333333,18.8225,6.3838,NA,NA,NA,14.4406496153846,28.1102,5.1468,12.8736215277778,21.7558,2.1512,2.17972361111111,7.0276,-4.32
"138",138,12.0866197183099,14.65,9.6,12.5604513888889,15.92,8.64,NA,NA,NA,12.2213820422535,15.525,9.5225,13.6382854166667,19.54,7.7895,NA,NA,NA,14.6426317164179,26.8686,6.4609,12.9062746527778,20.806,1.366,2.72668472222222,6.4077,-1.55
"139",139,12.1359027777778,14.52,9.63,12.7287847222222,15.92,8.65,NA,NA,NA,12.2364715277778,15.0675,8.753,13.8495284722222,19.935,7.1152,NA,NA,NA,14.5152229166667,24.0477,7.2317,12.9372108333333,24.4217,-2.5169,4.37243076923077,9.9487,-1.08
"140",140,12.0595486111111,14.53,9.76,12.6560208333333,16.26,7.341,NA,NA,NA,12.12153125,14.645,9.205,13.6538947916667,20.9725,5.6502,NA,NA,NA,14.6533086805556,23.9199,6.9908,13.0888497569444,26.6715,-4.0829,6.84780138888889,10.5185,3.4
"141",141,12.1877430555556,13.91,10.21,12.8293298611111,16.43,6.935,NA,NA,NA,12.3407291666667,14.89,9.6525,13.7949854166667,20.2875,5.3883,NA,NA,NA,15.5301958333333,24.4215,5.5177,13.6135743055556,24.1528,1.4907,8.02603888888889,11.07,5.55
"142",142,12.3213194444444,14.24,10.72,13.0938541666667,16.39,8.51,NA,NA,NA,12.4313541666667,15.5475,10.2425,14.2216385416667,21.9725,7.5338,NA,NA,NA,15.1850746527778,25.7968,6.7118,13.4284923611111,23.2913,5.112,4.14661222222222,13.01,-2.0697
"143",143,12.191875,14.78,10.44,13.2139583333333,16.59,9.55,NA,NA,NA,12.3275694444444,15.2175,9.6275,14.44400625,21.1875,9.2005,NA,NA,NA,14.3344430555556,27.9923,4.8215,13.8795326388889,24.3805,5.1618,1.62279930555556,15,-5.3131
"144",144,12.2283846153846,15.03,10.44,13.4389583333333,17,10.21,NA,NA,NA,12.2965742307692,15.395,9.69,14.7364409722222,20.8525,8.4845,NA,NA,NA,14.7968544061303,29.1117,4.6042,13.7337204861111,24.6292,6.7397,3.26460486111111,15.8,-4.7764
"145",145,12.310671641791,14.89,10.39,13.65625,17.13,10.47,NA,NA,NA,12.3951958955224,15.42,9.4775,14.8308350694444,24.0275,9.6075,NA,NA,NA,15.9622063670412,29.1676,7.2556,15.0953802083333,23.5419,8.7926,4.21772575,15.33,-3.1149
"146",146,12.4400347222222,14.68,10.75,14.1650347222222,17.66,11.08,NA,NA,NA,12.5959809027778,15.5675,9.975,15.3978680555556,24.5625,9.39,NA,NA,NA,15.58855,25.6188,8.8109,16.2471454861111,24.0282,8.5202,2.36792308333333,11.46,-2.6106
"147",147,12.4417013888889,15.46,10.37,14.3574305555556,18.22,11.26,NA,NA,NA,12.495703125,16.2325,9.8575,15.7168618055556,26.865,10.3837,NA,NA,NA,14.1026020833333,27.3703,4.094,15.7162545138889,24.1124,6.918,2.45375409722222,10.41,-1.5812
"148",148,12.2596180555556,15.94,10.26,14.1507986111111,18.34,10.38,NA,NA,NA,12.37546875,17.29,9.69,15.41921875,22.7775,10.38,NA,NA,NA,13.6831763888889,27.5819,1.1392,14.5435302083333,22.6132,4.1747,4.222619625,11.41,-0.21386
"149",149,12.3442361111111,15.85,10,14.0196875,18.18,10.45,NA,NA,NA,12.5377256944444,16.9075,9.225,15.1714840277778,22.765,10.2925,NA,NA,NA,15.8649329861111,26.8585,5.6363,13.8149743055556,22.0067,7.0298,6.93401,13.18,2.9434
"150",150,12.6546180555556,14.98,10.74,13.8267708333333,18.14,10.72,NA,NA,NA,12.8590972222222,15.4,9.94,14.8802003472222,22.545,10.0375,NA,NA,NA,17.4671954861111,25.9255,9.0639,13.4260624479167,23.0027,-0.80669,8.21635694444444,14.27,4.2396
"151",151,13.0244791666667,14.64,11.28,14.1015972222222,18.23,9.52,NA,NA,NA,13.2970399305556,15.6825,10.47,15.3036413194444,22.6675,7.958,NA,NA,NA,18.7687378472222,27.6972,11.7842,16.1667482638889,22.7131,1.8191,9.02411527777778,14.73,4.3466
"152",152,13.2975,15.08,11.89,14.6967708333333,18.08,10.53,NA,NA,NA,13.5009288194444,16.0375,11.1925,15.930453125,22.2125,9.0343,NA,NA,NA,19.0377197916667,28.1376,11.3794,17.6787496527778,23.2922,6.67,9.06818611111111,14.1867,3.57
"153",153,13.4960416666667,15.32,12.28,14.8901388888889,17.69,11.66,NA,NA,NA,13.6926388888889,16.1475,11.7875,16.1194965277778,21.33,11.1675,NA,NA,NA,19.3457385416667,28.5862,10.3595,17.4967034722222,24.0154,10.1757,10.1132,15.4983,3.62
"154",154,13.8779166666667,15,12.47,15.0406597222222,18.39,11.58,NA,NA,NA,14.0876822916667,16.34,12.22,16.3327690972222,22.3,10.7175,NA,NA,NA,21.1670652777778,29.1008,12.6855,17.6201506944444,26.0541,9.4957,12.8684708333333,16.8227,7.99
"155",155,14.1595138888889,15.52,12.86,15.2397222222222,18.23,11.29,NA,NA,NA,14.3441232638889,16.9275,12.305,16.4540253472222,23.2625,11.0475,NA,NA,NA,21.4450256944444,29.1212,13.2493,17.7809555555556,22.5853,8.8663,13.2202555555556,16.0166,10.16
"156",156,14.3144097222222,15.62,13.03,15.0906944444444,18,12.13,NA,NA,NA,14.5193315972222,16.7025,12.4525,16.3129090277778,21.7125,11.7075,NA,NA,NA,20.8360597222222,29.1787,12.9655,17.2260243055556,22.9998,9.4987,13.7326013888889,18.5306,9.65
"157",157,14.3372569444444,15.66,12.61,15.3303819444444,17.74,12.81,NA,NA,NA,14.513359375,16.84,12.295,16.6201909722222,21.8025,11.845,NA,NA,NA,20.6772864111498,30.2937,11.4566,17.9300041666667,23.0417,12.8535,14.3467208333333,19.0157,8.52
"158",158,14.2787847222222,15.85,12.47,15.4997569444444,17.75,13.2,NA,NA,NA,14.4770052083333,17.23,11.8,16.9441145833333,21.705,12.3925,NA,NA,NA,19.6488454861111,30.1288,4.6637,18.3362777777778,25.0421,12.6836,13.5748472222222,17.3974,10.37
"159",159,14.2127083333333,16.35,11.58,15.6363194444444,18.92,13.54,NA,NA,NA,14.4015625,17.34,10.4,17.1066753472222,24.415,12.6375,NA,NA,NA,20.4821090277778,31.4228,6.525,18.8890690972222,25.7884,10.9767,13.1677666666667,16.116,10.5637
"160",160,14.5981597222222,17.03,11.84,15.8434027777778,18.76,12.78,NA,NA,NA,14.8162760416667,18.755,10.63,17.2552083333333,22.085,11.7975,NA,NA,NA,22.3710149305556,34.1934,10.951,19.0141774305556,24.6025,10.5717,12.3451666666667,17.7598,6.14
"161",161,15.0914930555556,17.54,12.52,16.0095138888889,18.53,12.99,NA,NA,NA,15.3351996527778,18.46,11.6275,17.3598090277778,22.885,11.7175,NA,NA,NA,22.9249826388889,33.5781,13.6089,19.1279753472222,23.3782,11.4639,12.9626902777778,19.523,4.86
"162",162,15.0158680555556,17.48,12.52,16.0479513888889,18.67,12.97,NA,NA,NA,15.1081163194444,18.3325,11.6175,17.3727256944444,23.9025,11.8475,NA,NA,NA,19.6624215277778,32.6364,10.8771,18.9249163194444,23.5922,12.8425,10.8362055555556,17.6199,3.85
"163",163,14.5629166666667,17.49,11.76,15.9118402777778,18.5,13.16,NA,NA,NA,14.6226215277778,18.22,11.1825,17.2471788194444,23.085,12.435,NA,NA,NA,17.8445430555556,29.8022,6.5923,18.3749881944444,22.6457,12.8323,8.25300694444444,14.7727,-3.89
"164",164,14.4066666666667,17.3,10.7,15.6520138888889,18.02,12.9,NA,NA,NA,14.498046875,18.1075,10.1425,16.8923958333333,22.615,11.65,NA,NA,NA,18.6797652777778,26.8599,3.3216,16.8594440972222,22.7164,7.8528,5.45997777777778,14.0011,-6.48
"165",165,14.4733333333333,17.17,10.67,15.4118055555556,18.27,11.91,NA,NA,NA,14.571875,18.25,10.31,16.6174565972222,21.825,11.1525,NA,NA,NA,19.1469211805556,30.8845,7.7412,16.7126305555556,21.5554,7.6412,5.98091944444444,11.43,-0.74
"166",166,14.4977777777778,17.17,11.19,15.3313541666667,18.1,11.43,NA,NA,NA,14.5667100694444,17.9725,10.6975,16.6184868055556,21.17,9.7212,NA,NA,NA,19.9806809027778,30.7446,12.6936,16.777821875,22.8834,7.9515,8.37717083333333,14.07,4.5094
"167",167,14.5807638888889,17.2,12.02,15.2161111111111,17.37,11.76,NA,NA,NA,14.6633072916667,17.675,11.725,16.520640625,21.4575,10.79,NA,NA,NA,20.4282378472222,30.3453,14.2803,15.9512927083333,23.4665,10.1861,9.35178194444445,15.77,5.3381
"168",168,14.5575347222222,16.93,12.64,15.1998958333333,17.99,12.21,NA,NA,NA,14.6072482638889,17.605,12.185,16.5444166666667,22.6675,11.985,NA,NA,NA,19.9912725694444,28.7643,12.0345,16.44215625,24.0302,7.5747,8.92969027777778,19.28,3.3083
"169",169,14.5186458333333,16.65,12.35,15.1552083333333,18.18,12.48,NA,NA,NA,14.6069878472222,17.415,12.2275,16.3650111111111,22.055,10.8975,NA,NA,NA,19.9279732638889,29.6908,8.7471,16.228009375,24.483,7.3651,8.49597944444444,20.34,-0.14108
"170",170,14.7059722222222,16.79,12.26,15.0106944444444,18.39,12.32,NA,NA,NA,14.7949131944444,17.535,11.9725,16.156134375,22.17,10.815,NA,NA,NA,21.1984746527778,32.2787,10.9635,15.3438798611111,22.264,5.9973,10.9517680555556,22.17,2.1968
"171",171,14.8353819444444,17.03,12.61,15.0204166666667,18.07,12.03,NA,NA,NA,14.9116059027778,18.2975,12.3,16.2468121527778,21.59,11.195,NA,NA,NA,21.8630697916667,33.1738,10.4014,15.5936170138889,22.2929,7.5663,12.6004208333333,22.46,5.9338
"172",172,14.9468055555556,16.83,12.63,15.2164930555556,18.36,12.24,NA,NA,NA,15.0445225694444,17.9625,11.6725,16.6758072916667,22.69,11.89,NA,NA,NA,22.3538427083333,33.3381,11.048,16.8498125,23.1781,9.5258,15.6286291666667,21.59,9.8094
"173",173,15.1545833333333,16.96,12.76,15.6295833333333,19.1,12.66,NA,NA,NA,15.2624479166667,18.3625,12.0025,17.0019010416667,22.335,10.39,NA,NA,NA,23.3141756944444,32.3529,13.0292,18.6088833333333,25.1403,11.876,17.3243361111111,21.0071,13.74
"174",174,15.3358680555556,17.11,13.1,15.8919444444444,18.88,12.77,NA,NA,NA,15.4945746527778,18.975,12.3325,17.4033420138889,22.5475,11.535,NA,NA,NA,23.4508,32.6037,14.9509,18.7130357638889,24.1279,12.9573,17.7363430555556,21.52,15.0342
"175",175,15.4305902777778,17.41,13.59,15.8689236111111,18.25,13.19,NA,NA,NA,15.5018836805556,19.165,13.0225,17.3961979166667,23.365,12.635,NA,NA,NA,22.8308829861111,32.717,14.2173,18.018734375,24.1167,12.0371,16.8508763888889,21.25,13.1547
"176",176,15.3164236111111,17.22,13.59,15.9340277777778,18.71,13.34,NA,NA,NA,15.4115711805556,18.75,12.51,17.4041840277778,23.9525,12.8125,NA,NA,NA,21.6380465277778,32.7377,12.3787,18.4477604166667,25.7705,11.7497,17.2485305555556,21.22,14.1435
"177",177,15.3716319444444,17.31,13.53,16.255625,18.92,13.7,NA,NA,NA,15.5276215277778,18.8675,12.5175,17.8797048611111,23.1525,12.6025,NA,NA,NA,21.8449878472222,32.4678,12.1145,19.4379635416667,26.0577,12.0056,15.5111763888889,18.69,11.6419
"178",178,15.5623611111111,17.71,13.24,16.5558680555556,19.19,14.23,NA,NA,NA,15.7031510416667,18.975,12.11,18.0311833333333,24.0325,13.665,NA,NA,NA,21.97365625,33.4117,11.7464,19.5924454861111,25.2618,13.1408,15.7401333333333,20.5297,12.1
"179",179,15.5771875,18.09,12.99,16.5201388888889,19.15,13.98,NA,NA,NA,15.7037760416667,19.235,11.9025,18.016015625,23.33,13.2525,NA,NA,NA,21.949715625,32.9273,11.0116,19.1297548611111,24.5656,13.7751,16.6797097222222,21.0875,11.52
"180",180,15.7785416666667,18.18,12.99,16.3436458333333,19.38,13.72,NA,NA,NA,15.9190885416667,19.6125,11.93,17.6384489583333,23.575,13.53,NA,NA,NA,22.8636354166667,32.1968,12.1242,17.9023600694444,24.3014,13.9096,16.9273291666667,21.9994,11.44
"181",181,16.079375,18.11,13.45,16.0074652777778,19.17,13.41,NA,NA,NA,16.2709722222222,19.1375,12.5625,17.1534114583333,23.5475,13.6633,NA,NA,NA,24.3270954861111,32.5851,15.2979,16.9632659722222,23.0967,12.1299,17.1947888888889,21.2767,11.53
"182",182,16.5085069444444,18.68,13.86,15.8147222222222,18.44,13.6,NA,NA,NA,16.7433854166667,20.465,13.045,16.8803322916667,24.2875,12.6275,NA,NA,NA,25.5395763888889,34.4144,16.4104,16.8853923611111,23.1211,7.2199,16.4090986842105,20.02,11.8065
"183",183,16.7715277777778,18.97,14,15.7190277777778,18.02,13.06,NA,NA,NA,17.0098697916667,20.0475,13.2475,16.8386805555556,22.775,12.1175,NA,NA,NA,25.6636072916667,34.3779,15.7307,17.640046875,25.6785,7.766,16.8719808333333,20.1567,13.073
"184",184,16.8669444444444,18.93,14.2,15.9855902777778,17.83,13.17,NA,NA,NA,17.1664583333333,20.33,13.375,17.1694878472222,22.77,12.4825,NA,NA,NA,24.9788847222222,33.9374,15.5022,18.47554375,23.8,9.8117,15.6154475,18.9311,10.8989
"185",185,16.98125,19.2,14.53,16.2782986111111,18.38,13.94,NA,NA,NA,17.2596788194444,20.76,13.88,17.6852690972222,23.2775,13.42,NA,NA,NA,24.7302083333333,32.6974,16.3646,19.2433027777778,23.6937,11.3843,15.043095,18.5932,11.3283
"186",186,17.2192013888889,19.42,15,16.4479166666667,18.84,14.52,NA,NA,NA,17.5161545138889,21.2925,14.3975,17.9104253472222,23.995,13.8125,NA,NA,NA,25.3560326388889,32.8595,17.3423,19.2909041666667,24.5407,13.373,15.2754266666667,18.93,12.36
"187",187,17.3070486111111,19.76,14.94,16.5268055555556,18.83,14.74,NA,NA,NA,17.5281770833333,20.72,14.1,17.8257118055556,23.2475,14.27,NA,NA,NA,25.4490548611111,32.7387,17.4643,18.7877038194444,23.7617,13.287,15.5663491666667,19.63,12.3401
"188",188,17.28125,19.85,14.94,16.3998958333333,18.46,14.59,NA,NA,NA,17.4668402777778,21.0925,14.13,17.7351388888889,22.4575,14.1775,NA,NA,NA,24.6495565972222,31.468,17.4372,18.4761760416667,23.907,14.177,15.0762891666667,20.51,10.6134
"189",189,17.0882291666667,19.37,14.92,16.2843055555556,18.36,14.37,NA,NA,NA,17.2622569444444,20.76,14.155,17.6740798611111,22.385,13.67,NA,NA,NA,24.1169385416667,31.8845,17.5595,18.5376204861111,25.2011,14.1455,14.3958708333333,22.45,9.7836
"190",190,16.994375,19,14.68,16.2750694444444,17.69,14.31,NA,NA,NA,17.1633420138889,19.945,14.195,17.5654513888889,22.4275,13.885,NA,NA,NA,24.4319920138889,32.9661,17.2294,18.684278125,24.9021,14.499,13.4731233333333,22.25,6.7944
"191",191,17.0339236111111,19.28,14.73,16.2167708333333,17.95,14.38,NA,NA,NA,17.1803819444444,20.54,13.995,17.5584288194444,21.4925,12.3325,NA,NA,NA,24.1096677083333,32.4513,11.8844,18.1174677083333,25.598,13.1258,11.6899241666667,21.7,1.8148
"192",192,16.9624652777778,19.37,14.75,15.9779513888889,18.3,14.24,NA,NA,NA,17.1286545138889,20.3575,14.74,17.3261545138889,21.5425,13.3125,NA,NA,NA,23.5883520833333,32.0096,12.2156,16.7973614583333,25.8611,10.3894,11.08188,20.11,3.9942
"193",193,16.9435763888889,19.29,14.69,15.8838541666667,18.19,13.81,NA,NA,NA,17.1118489583333,20.455,13.8125,17.2297916666667,21.76,11.635,NA,NA,NA,23.2332489583333,31.0588,14.2928,17.0411399305556,25.0378,12.1004,10.7046483333333,18.54,6.096
"194",194,16.8768055555556,19.08,13.99,15.9258680555556,17.89,14.2,NA,NA,NA,17.0429861111111,20.6525,13.6425,17.2408767361111,22.9475,12.99,NA,NA,NA,22.9518097222222,32.4418,13.9251,17.8684329861111,22.1942,11.9767,12.2251208333333,19.14,7.7085
"195",195,16.9531944444444,19.4,14,16.0549305555556,17.99,14.02,NA,NA,NA,17.1731684027778,20.8325,13.1575,17.3944791666667,23.6875,11.9575,NA,NA,NA,24.0217545138889,32.422,15.9903,18.6009927083333,23.9722,14.8775,13.18079,18.73,9.0542
"196",196,17.1528125,19.85,14.11,16.0606944444444,18.38,13.79,NA,NA,NA,17.4303732638889,21.815,13.6675,17.332265625,23.53,13.365,NA,NA,NA,24.9685020833333,32.5328,17.6896,17.8755708333333,23.3239,12.9236,14.3095125,21.0704,8.6603
"197",197,17.2253125,19.83,14.56,16.0454513888889,18.57,13.31,NA,NA,NA,17.4926475694444,21.2425,14.2425,17.3721875,23.205,12.4825,NA,NA,NA,24.7045979166667,31.7142,17.87,17.1408489583333,23.0921,11.3872,15.3410791666667,21.0916,9.083
"198",198,17.1942708333333,19.93,14.94,15.966875,18.19,13.2,NA,NA,NA,17.4594010416667,21.3,14.85,17.2554947916667,23.125,13.02,NA,NA,NA,24.3100743055556,30.8602,17.7828,16.9266493055556,20.8611,11.3613,16.4750033333333,21.75,11.2863
"199",199,17.1765972222222,20.18,15.14,15.8410763888889,17.84,13.75,NA,NA,NA,17.3651649305556,21.8825,14.76,17.0485416666667,21.99,13.425,NA,NA,NA,23.94030625,32.3883,17.489,16.8375263888889,20.1754,13.6408,15.4944241666667,19.6554,12.1783
"200",200,16.9775,19.72,14.97,15.7653819444444,17.9,14.07,NA,NA,NA,17.0965104166667,20.9825,14.05,16.9632725694444,21.4725,12.2125,NA,NA,NA,23.09003125,32.363,13.2607,16.966353125,21.1866,13.3303,14.07933,18.26,10.3479
"201",201,16.9403819444444,19.57,14.82,15.8228819444444,17.95,14,NA,NA,NA,17.0934027777778,20.4425,13.84,17.0714322916667,23.0825,12.0575,NA,NA,NA,22.5172486111111,31.2248,13.1911,17.4417451388889,22.0256,12.4878,12.7117516666667,17.69,7.541
"202",202,17.0215972222222,19.42,14.44,15.9315277777778,18.41,13.86,NA,NA,NA,17.2552951388889,21.0825,14.385,17.1590364583333,23.68,13.23,NA,NA,NA,22.9896,31.6985,17.4333,17.5746121527778,24.4317,12.2074,12.5530941666667,17.71,9.1986
"203",203,16.9997222222222,19.35,14.53,15.7365277777778,17.95,13.28,NA,NA,NA,17.2860677083333,20.88,13.7875,16.7188888888889,21.4275,11.995,NA,NA,NA,23.2987763888889,31.668,17.8795,17.1158385416667,23.8942,11.7071,13.6923958333333,19.85,9.4479
"204",204,17.3262847222222,19.67,14.75,15.8048611111111,18.32,13.57,NA,NA,NA,17.6577864583333,20.8575,14.7525,17.066953125,22.56,12.38,NA,NA,NA,23.8728819444444,31.3792,18.7936,17.7585659722222,23.6991,13.7961,14.6491783333333,20.88,9.3285
"205",205,17.433125,19.7,14.9,15.9858680555556,18.47,14.04,NA,NA,NA,17.7884114583333,21.0625,14.76,17.2414409722222,22.015,11.5625,NA,NA,NA,24.0279895833333,31.733,17.8317,18.8642934027778,22.2758,15.1041,15.5994924731183,21.37,8.7979
"206",206,17.4065625,19.44,14.79,16.1875347222222,18.41,14.28,NA,NA,NA,17.6808680555556,21.0575,14.135,17.5373350694444,22.1675,14.03,NA,NA,NA,24.1457090277778,31.5637,17.1694,19.1131892361111,22.8484,16.329,16.3830707070707,21.9874,8.475
"207",207,17.3769097222222,19.54,15.08,16.2335416666667,18.04,14.49,NA,NA,NA,17.6349826388889,21.0375,14.6875,17.5122743055556,22.485,13.395,NA,NA,NA,24.2567315972222,31.822,17.7063,19.2391045138889,24.062,14.6453,14.9949583333333,22.109,8.1303
"208",208,17.3440972222222,19.68,15.27,16.0975,17.85,14.33,NA,NA,NA,17.6569704861111,21.49,14.5775,17.3556684027778,23.78,13.45,NA,NA,NA,24.7355152777778,31.8982,17.4462,18.8623923611111,24.7639,13.711,15.2486225,21.3545,9.5284
"209",209,17.5077083333333,20.02,15.53,15.9640625,17.93,14.09,NA,NA,NA,17.8587673611111,21.4025,14.9275,17.2205871527778,22.6975,13.0975,NA,NA,NA,24.9902076388889,32.4744,16.8673,18.815434375,24.7939,13.1734,15.1397941666667,22.4749,8.0704
"210",210,17.579375,20.14,15.75,16.1003472222222,17.64,13.9,NA,NA,NA,17.8900347222222,21.855,15.08,17.3177864583333,22.425,12.665,NA,NA,NA,25.2403475694444,33.2604,16.8763,19.5886694444444,27.1847,13.5722,17.0511041666667,23.3768,11.5034
"211",211,17.5175694444444,19.6,15.38,16.1592013888889,18.11,14.16,NA,NA,NA,17.8558854166667,21.005,14.6875,17.3426302083333,21.505,13.025,NA,NA,NA,25.4569638888889,33.2725,16.2736,18.9867673611111,25.6656,13.1166,17.7487333333333,23.0813,13.2
"212",212,17.6298263888889,19.5,15.32,16.0202083333333,18.12,14.33,NA,NA,NA,18.0483854166667,21.3875,14.7725,17.2574993055556,22.2425,13.0248,NA,NA,NA,25.7177694444444,33.9296,16.9455,18.3452868055556,23.8085,12.4948,18.4225308333333,23.4172,14.41
"213",213,17.765,19.8,15.55,16.0167013888889,18.58,14.17,NA,NA,NA,18.2508767361111,21.7175,14.7475,17.3104600694444,22.8975,12.99,NA,NA,NA,26.1215010416667,33.8733,18.0942,18.6935041666667,24.5533,14.0198,17.6260491666667,22.2593,11.7424
"214",214,17.8995833333333,20.15,15.81,16.0373611111111,18.9,14.14,NA,NA,NA,18.3708159722222,21.78,15.1425,17.3635677083333,24.315,13.495,NA,NA,NA,25.9643868055556,32.9396,17.7564,18.35573125,23.4632,11.5188,16.868755,22.77,11.0585
"215",215,17.7847222222222,20.25,15.88,16.0086805555556,19.27,13.45,NA,NA,NA,18.2157986111111,22.5775,15.25,17.2264670138889,23.0775,12.33,NA,NA,NA,25.6808833333333,32.7799,16.124,18.6663579861111,26.3231,10.5714,16.3322566666667,20.8,12.2492
"216",216,17.7318402777778,20.09,15.7,15.8944444444444,19.44,13.13,NA,NA,NA,18.121796875,21.6775,15.2475,17.1488628472222,24.965,12.53,NA,NA,NA,24.9392024305556,31.107,16.8317,18.0739152777778,25.8348,10.6223,15.79596,20.2576,12.5969
"217",217,17.5517708333333,19.57,15.83,15.8808333333333,19.53,13.25,NA,NA,NA,17.8678038194444,21.1875,15.2225,17.1655815972222,25.2425,11.4275,NA,NA,NA,23.689959375,30.8904,17.9668,18.3768135416667,25.8853,11.7839,15.1453383333333,20.2985,11.88
"218",218,17.4009027777778,18.74,16.01,15.9871180555556,19.26,13.25,NA,NA,NA,17.7373871527778,20.4775,15.5725,17.1764583333333,23.1525,10.5975,NA,NA,NA,23.3711368055556,29.5605,17.3296,18.4961677083333,24.7314,12.698,14.2245658333333,18.5757,10.2958
"219",219,17.3625,19.09,15.6,15.9752430555556,19.36,13.54,NA,NA,NA,17.7436371527778,20.245,15.2575,17.2265711805556,23.8975,8.0225,NA,NA,NA,23.3393472027972,29.8068,18.1135,18.7520503472222,25.095,13.41,14.4080808333333,17.4721,10.51
"220",220,17.2686458333333,18.95,15.1,16.0435069444444,19.44,13.9,NA,NA,NA,17.6064496527778,20.67,14.8825,17.2473003472222,24.5425,13.39,NA,NA,NA,22.7235003472222,30.0194,16.3162,18.8004399305556,24.0342,12.7359,12.7312458333333,17.0549,8.8734
"221",221,17.1226041666667,19.28,14.84,15.9747569444444,19.03,13.63,NA,NA,NA,17.4575173611111,20.7525,14.5475,17.1557111111111,23.03,12.2107,NA,NA,NA,22.6379055555556,30.0098,14.4457,19.1274736111111,24.3053,12.3672,12.1034633333333,16.67,8.1958
"222",222,17.0740277777778,19.65,14.63,16.0209027777778,19,13.41,NA,NA,NA,17.40859375,21.315,14.0625,17.1432600694444,23.86,3.48,NA,NA,NA,23.2504107638889,31.0038,14.5184,19.5233027777778,22.9703,13.5411,13.6482916666667,17.7543,10.5457
"223",223,17.0919097222222,19.64,14.49,16.2257638888889,18.7,13.54,NA,NA,NA,17.447421875,21.1675,14.24,17.5751434027778,22.93,7.3868,NA,NA,NA,23.6618621527778,32.5282,15.7172,19.9481239583333,22.54,12.7533,13.1693916666667,18.26,10.3217
"224",224,17.0755208333333,19.47,14.43,16.1669791666667,18.52,14.12,NA,NA,NA,17.4401996527778,20.79,13.7775,17.4876868055556,23.1,12.1303,NA,NA,NA,23.6989295138889,33.9546,16.0526,19.2249611111111,21.9299,15.4093,13.0619775,18.03,8.922
"225",225,17.1176041666667,19.52,14.42,15.9200694444444,18.4,13.78,NA,NA,NA,17.53953125,21.39,14,17.2584114583333,22.665,13.59,NA,NA,NA,24.1845423611111,34.6827,16.7854,17.8138177083333,24.1362,11.5577,13.72015,17.57,10.1913
"226",226,17.1975347222222,19.73,14.56,15.4409027777778,18.31,12.75,NA,NA,NA,17.6494184027778,21.3725,14.4375,16.6891927083333,23.385,11.2575,NA,NA,NA,24.8199524305556,34.2592,18.4081,16.1908315972222,24.1874,9.1193,14.83116,18.4466,11.21
"227",227,17.2675,19.73,15.02,15.1955555555556,18.01,12.04,NA,NA,NA,17.7172569444444,21.815,14.42,16.4321961805556,22.545,10.7225,NA,NA,NA,24.7773864583333,33.3337,18.6459,15.6103204861111,21.9266,7.8522,15.2138591666667,19.9355,10.62
"228",228,17.3480555555556,19.95,15.15,15.0396875,17.38,11.77,NA,NA,NA,17.791328125,21.9175,14.6225,16.0345989583333,21.17,10.8925,NA,NA,NA,24.8170378472222,33.0682,15.7945,16.0193663194444,21.2342,8.6315,15.7072441666667,20.9711,8.27
"229",229,17.4111458333333,20.01,15.03,14.7540625,17.42,11.91,NA,NA,NA,17.8590798611111,22.0725,14.24,15.7781225694444,21.5775,10.5625,NA,NA,NA,24.805121875,32.6237,15.4785,15.4504704861111,20.7784,7.4696,16.4846791666667,20.9559,11.68
"230",230,17.5269791666667,19.7,15.2,14.6309375,17.36,11.7,NA,NA,NA,17.9552864583333,21.24,14.585,15.7847135416667,22.55,10.4275,NA,NA,NA,25.3267329861111,33.11,18.2879,15.9901982638889,22.1279,9.8558,16.6748841666667,20.7424,12.46
"231",231,17.6480902777778,19.66,15.39,14.6424652777778,17.39,11.1,NA,NA,NA,18.1297829861111,21.4125,15.1825,15.686059375,21.8775,9.9908,NA,NA,NA,25.4890565972222,33.0724,20.0076,16.2792805555556,22.051,8.3457,16.4591675,20.4747,12.7401
"232",232,17.6705902777778,19.71,15.24,14.5103472222222,17.5,10.69,NA,NA,NA,18.1252951388889,21.1525,14.75,15.4389739583333,20.915,9.9085,NA,NA,NA,25.4180284722222,33.3869,18.5424,15.9925114583333,23.0334,6.9575,16.5225,20.4348,13.62
"233",233,17.5734375,19.51,15.13,14.0153125,17.34,8.84,NA,NA,NA,18.0065017361111,20.975,14.8,14.9662013888889,20.6525,7.233,NA,NA,NA,24.2026881944444,31.7901,16.1123,14.2903928125,20.3796,0.94182,15.8883683333333,21.4439,11.98
"234",234,17.429375,19.26,15.22,13.7320486111111,16.69,8.08,NA,NA,NA,17.8242534722222,21.15,14.435,14.79860625,20.465,6.3515,NA,NA,NA,23.9493440972222,30.4622,16.9184,13.5349162847222,21.1937,0.86439,15.264965,19.9577,11.8151
"235",235,17.3429513888889,19.04,15.45,13.5659027777778,16.87,8.14,NA,NA,NA,17.7295225694444,20.54,15.3525,14.6273413194444,20.875,6.5575,NA,NA,NA,24.00461875,30.0823,18.3418,13.0017163194444,21.4438,2.7484,14.6640008333333,19.662,11.03
"236",236,17.1969097222222,18.74,15.45,13.4772222222222,17.06,8.5,NA,NA,NA,17.6036111111111,20.335,14.5575,14.3701996527778,21.52,6.978,NA,NA,NA,23.3828375,29.2513,16.9585,13.4990333333333,21.6532,1.2356,14.5277366666667,18.8987,10.98
"237",237,17.0617708333333,18.65,15.31,13.3553819444444,17.24,9.07,NA,NA,NA,17.4701736111111,20.2525,15.0925,14.2560881944444,21.3625,7.854,NA,NA,NA,22.9232951388889,28.9863,16.773,12.4664232638889,21.1654,3.0348,14.7843883333333,19.4139,10.8961
"238",238,17.0225347222222,18.8,15.14,12.9541319444444,16.17,9.52,NA,NA,NA,17.4318315972222,20.4575,14.7125,13.7266663194444,19.58,8.8117,NA,NA,NA,23.2922951388889,31.0229,16.4741,12.1107131944444,18.5506,3.7054,15.1326991666667,18.6437,11.8985
"239",239,16.9719791666667,18.96,14.79,12.9860763888889,16.66,9.92,NA,NA,NA,17.3493229166667,20.465,14.2725,13.9351145833333,20.4175,8.9025,NA,NA,NA,23.6964888888889,33.406,14.7775,13.2841694444444,19.0701,8.9599,14.71875,18.84,12.0104
"240",240,16.9442013888889,19.12,14.68,13.2277083333333,16.74,10.27,NA,NA,NA,17.3573958333333,20.955,14.255,14.1133142361111,21.395,9.092,NA,NA,NA,23.7921684027778,32.9359,17.0909,14.67261875,20.3953,8.2333,14.8876541666667,20.44,11.0398
"241",241,16.9595138888889,19.17,14.57,13.5194444444444,16.81,10.52,NA,NA,NA,17.3375260416667,20.655,13.965,14.4445017361111,19.6375,8.8205,NA,NA,NA,24.341621875,35.6515,16.5543,16.1084472222222,20.9748,10.2966,15.2857175,20.98,10.6484
"242",242,17.0779166666667,19.29,14.59,13.83,17.08,10.49,NA,NA,NA,17.4824392361111,20.9375,14.12,14.7496545138889,19.885,8.7953,NA,NA,NA,24.896325,34.9386,17.4441,16.7823003472222,20.8889,10.2215,15.2682291666667,20.97,11.4475
"243",243,17.1895138888889,19.06,14.78,13.9903819444444,17.02,10.22,NA,NA,NA,17.5954774305556,20.385,14.4575,14.90971875,19.54,8.8938,NA,NA,NA,24.6521347222222,33.7064,18.5463,17.0144069444444,22.6119,7.4495,14.4289441666667,19.99,8.555
"244",244,17.1530555555556,18.6,15.09,13.9965972222222,16.9,9.31,NA,NA,NA,17.5386371527778,20.3575,14.8525,14.989384375,20.3425,8.0448,NA,NA,NA,24.0184666666667,31.354,16.1387,16.4885520833333,23.6397,4.5464,15.4253908333333,19.2516,10.4785
"245",245,17.0622569444444,18.29,15.09,13.8904166666667,16.81,8.31,NA,NA,NA,17.4526996527778,19.9825,14.54,14.8054770833333,20.6375,7.0452,NA,NA,NA,23.7956677083333,31.9062,16.6051,16.1511208333333,23.7275,2.5273,14.7804958333333,19.22,10.3636
"246",246,16.9442013888889,18.52,14.89,13.7380659722222,17.14,7.58,NA,NA,NA,17.3380989583333,20.335,14.425,14.6381392361111,21.095,5.5008,NA,NA,NA,23.4525677083333,35.3876,15.6194,15.5293493055556,25.2017,2.8464,14.1037933333333,20.99,10.0013
"247",247,16.9047916666667,18.77,14.69,13.4148611111111,16.76,8.15,NA,NA,NA,17.2662326388889,20.1225,14.21,14.2271423611111,20.325,5.593,NA,NA,NA,22.8946107638889,34.5935,15.1343,14.6178430555556,24.1089,2.49,12.5565491666667,20.53,6.9072
"248",248,16.8050694444444,18.84,14.47,13.2072916666667,16.4,8.65,NA,NA,NA,17.1293836805556,20.3575,14.045,13.975309375,20.425,7.154,NA,NA,NA,22.1450822916667,30.8325,13.9126,14.8816190972222,20.1607,7.5757,10.4792216666667,20.82,4.8349
"249",249,16.6105555555556,18.8,13.76,13.2742361111111,15.93,9.62,NA,NA,NA,16.8475434027778,20.21,13.0575,13.9759944444444,19.1475,8.7357,NA,NA,NA,21.4414798611111,29.6364,12.504,15.5916128472222,19.1406,9.1124,9.35436302521008,20.22,3.6248
"250",250,16.3928472222222,18.72,12.91,13.1551388888889,16.08,9.84,NA,NA,NA,16.6599479166667,20.3825,11.675,13.9799809027778,20.66,7.3928,NA,NA,NA,21.51156875,29.8044,11.1351,14.7908173611111,21.0437,8.074,10.8255066666667,16.35,4.9394
"251",251,16.3648263888889,18.6,13.09,13.1076388888889,15.94,9.22,NA,NA,NA,16.6325260416667,19.865,12.485,13.8630527777778,20.275,7.1025,NA,NA,NA,22.2970149305556,30.6964,14.4475,14.678909375,21.9118,4.963,11.5747366666667,15.7568,7.93
"252",252,16.4034027777778,18.47,13.42,12.8752777777778,16.11,8.91,NA,NA,NA,16.7039322916667,19.6375,12.935,13.6296607638889,19.1525,7.5735,NA,NA,NA,22.9385864583333,30.6837,16.7437,14.8368402777778,21.0081,6.5444,13.4761458333333,17.7677,10.06
"253",253,16.5108680555556,18.36,13.61,12.6952430555556,16.1,8.69,NA,NA,NA,16.8966753472222,19.875,13.2525,13.4070736111111,19.3875,5.945,NA,NA,NA,23.2524743055556,32.6606,16.0004,13.6812184027778,20.2734,3.73,13.8941516666667,20.3109,8.36
"254",254,16.6090277777778,18.49,13.93,12.5335069444444,15.75,8.01,NA,NA,NA,17.0223090277778,20.21,13.855,13.2329861111111,19.3525,6.2733,NA,NA,NA,23.8149572916667,32.2373,17.5813,13.7886416666667,19.8946,6.09,15.2333508333333,19.4592,9.17
"255",255,16.7739583333333,18.56,14.27,12.3692604166667,15.28,7.789,NA,NA,NA,17.1680381944444,19.8425,13.655,12.9835847222222,18.54,6.737,NA,NA,NA,24.3770746527778,30.1626,18.9534,13.503628125,21.7828,7.3,16.0125025,20.7771,10.17
"256",256,16.8259722222222,18.37,14.73,12.1862604166667,15.71,7.993,NA,NA,NA,17.2339322916667,19.6675,14.2825,12.8062121527778,20.18,5.7007,NA,NA,NA,23.6248229166667,31.0201,16.35,13.5185270833333,21.5207,4.9635,14.5885375,20.7413,0
"257",257,16.7235416666667,18.43,14.41,12.2519444444444,15.64,8.8,NA,NA,NA,17.0866666666667,19.875,14.1325,12.8978673611111,21.4725,6.4733,NA,NA,NA,22.6385579861111,31.2313,17.1846,14.3566121527778,20.7082,1.1027,12.302065,16.4894,8.4339
"258",258,16.4663194444444,18.59,13.56,12.2309027777778,15.54,8.91,NA,NA,NA,16.6952430555556,20.145,12.82,12.9218989583333,19.185,7.4295,NA,NA,NA,20.7403295138889,31.0847,7.1424,13.8476930555556,19.9874,3.2033,7.51241083333333,14.4602,1.144
"259",259,16.2676736111111,18.92,12.34,11.8964583333333,15.72,8.61,NA,NA,NA,16.4803298611111,21.0675,11.3525,12.4033434027778,18.5075,7.6175,NA,NA,NA,20.0736944444444,31.1418,7.7108,12.215671875,22.1839,1.9759,5.95217333333333,12.04,1.5277
"260",260,16.1503472222222,19.12,12.22,11.6422569444444,16.07,8.54,NA,NA,NA,16.2970138888889,20.755,11.245,12.0618086805556,18.865,7.4798,NA,NA,NA,20.4436965277778,30.5242,11.6218,12.4671736111111,21.6495,1.8133,7.01097,12.2918,1.4885
"261",261,15.849375,19.06,12.42,11.8422569444444,16.1,9.21,NA,NA,NA,15.9583940972222,19.9575,12.0825,12.4140864583333,17.9325,7.976,NA,NA,NA,20.1948923611111,29.0542,10.1855,13.8031059027778,20.9745,5.8165,8.4256325,13.9163,3.406
"262",262,15.4894791666667,18.71,12.79,11.7635277777778,15.95,7.946,NA,NA,NA,15.5310069444444,19.7175,12.2625,12.1757541666667,18.26,5.9915,NA,NA,NA,19.7345798611111,28.5519,12.1888,12.4678651736111,18.3316,0.66338,11.1017416666667,15.3789,6.78
"263",263,15.2959722222222,17.91,13.35,11.2615520833333,15.4,7.136,NA,NA,NA,15.3983940972222,18.6575,12.365,11.6737996527778,17.7975,5.5488,NA,NA,NA,20.128578125,29.4949,13.5846,11.2774545138889,19.1645,0.69027,12.1419283333333,17.3237,4.13
"264",264,15.3090625,17.81,12.86,11.0759027777778,15.01,8.23,NA,NA,NA,15.4512152777778,18.9,11.8875,11.5196208333333,17.46,6.7742,NA,NA,NA,21.5202732638889,31.524,11.1754,11.5850915972222,18.9054,-0.4097,13.3354058333333,18.2303,6.98
"265",265,15.4122569444444,17.75,12.11,11.1739930555556,14.72,8.27,NA,NA,NA,15.5560416666667,19.1475,12.145,11.7432857638889,19.135,6.5405,NA,NA,NA,20.1965135416667,30.4519,7.6447,12.8660861111111,21.856,2.3999,12.0105051282051,17.903,-2.34
"266",266,15.1266319444444,17.53,11.92,11.4239236111111,14.5,8.76,NA,NA,NA,15.2121267361111,18.6675,10.925,12.0520434027778,18.63,7.812,NA,NA,NA,17.7887996527778,29.5552,4.9841,13.3708638888889,20.49,6.2778,8.64537166666667,16.6545,-4.94
"267",267,14.7982986111111,17.37,11.64,11.4815972222222,14.9,9.44,NA,NA,NA,14.8668142361111,18.305,10.76,12.040659375,18.465,7.954,NA,NA,NA,17.5058274305556,28.0095,7.025,13.9752072916667,21.5288,7.4812,6.25956173416667,17.5622,-1.6517
"268",268,14.5001041666667,17.33,11.5,11.6182291666667,15.18,9.67,NA,NA,NA,14.5015538194444,18,10.235,12.2282263888889,20.06,8.7442,NA,NA,NA,18.2155670138889,30.3248,7.537,14.2200489583333,22.8023,8.529,7.08867366666667,18.2049,-2.2602
"269",269,14.4679166666667,17.15,11.52,11.4145486111111,15.17,8.29,NA,NA,NA,14.4868576388889,17.9325,10.0075,11.8659368055556,19.05,6.6402,NA,NA,NA,18.7920440972222,29.9754,8.8802,11.8476739583333,22.0638,2.1718,11.0463666666667,17.579,1.78
"270",270,14.22125,17.2,11.68,10.8270451388889,14.85,6.896,NA,NA,NA,14.2000173611111,18.4475,10.9275,11.2417871527778,17.9675,5.141,NA,NA,NA,17.8369138888889,29.4722,5.7878,9.35356618055556,19.8782,-2.2524,12.8551358333333,17.5739,4.29
"271",271,13.9831944444444,17.35,10.96,10.0960763888889,14.53,5.806,NA,NA,NA,13.9865017361111,18.495,10.2175,10.3584225694444,17.135,4.8117,NA,NA,NA,17.8578284722222,27.7143,6.695,8.14091520138889,17.0985,-2.957,12.6106125,16.7875,5.52
"272",272,13.9267361111111,17.1,11.07,9.74570486111111,13.65,5.487,NA,NA,NA,13.90536875,17.415,9.7062,10.0096979166667,15.675,4.2148,NA,NA,NA,18.8635496527778,27.9132,7.8391,8.39434943055556,15.0765,-0.54435,12.02604,16.0981,6.62
"273",273,14.0134375,16.84,11.47,9.63295833333333,13.43,5.054,NA,NA,NA,14.0497916666667,17.53,10.7175,9.91097604166667,15.76,3.969,NA,NA,NA,19.3110746527778,27.8631,8.0034,10.720021875,18.2636,3.9651,12.3140483333333,16.3284,6.81
"274",274,14.0579861111111,16.51,11.84,9.97693055555555,14.32,4.924,NA,NA,NA,14.0679340277778,17.525,11.475,10.2153746527778,17.2975,3.121,NA,NA,NA,19.1489607638889,26.9882,12.0287,12.9961798611111,21.6364,5.5444,11.1063166666667,16.0962,6.43
"275",275,14.0513541666667,16.31,12.03,10.333875,14.26,6.427,NA,NA,NA,14.0640451388889,16.9675,11.3775,10.4805791666667,16.8875,4.2092,NA,NA,NA,18.2633038194444,28.4156,12.3042,11.86415625,19.9343,1.0896,9.44282583333333,14.4983,2.2541
"276",276,13.8676736111111,16.57,11.81,10.2022256944444,14.12,7.059,NA,NA,NA,13.8385763888889,17.41,10.915,10.3935895833333,16.995,5.9045,NA,NA,NA,17.5065197916667,31.1687,9.6871,10.0959910416667,18.4083,-0.1965,6.06048666666667,11.0921,1.3924
"277",277,13.5365277777778,16.85,10.86,9.93151041666667,14.45,7.033,NA,NA,NA,13.3603236111111,17.8275,9.7975,10.0925829861111,16.635,5.5125,NA,NA,NA,16.72443125,30.5316,8.0151,9.08459868055555,20.3511,-1.7498,5.110828,10.0298,-0.63
"278",278,13.1364236111111,16.89,10.03,9.81587847222222,14.59,6.839,NA,NA,NA,12.9256684027778,17.3875,8.9062,9.97763194444445,17.0025,4.2787,NA,NA,NA,15.5179253472222,29.6411,5.5261,8.54552517361111,20.1488,-1.2236,1.7442515,9.84,-4.1074
"279",279,12.9140625,16.68,9.85,9.61234027777778,14.52,6.146,NA,NA,NA,12.7675375,17.55,9.095,9.77905694444445,17.0125,4.4763,NA,NA,NA,15.9510288194444,28.0283,7.2426,8.82107017361111,18.5147,0.70338,4.420702,11.47,0.88464
"280",280,12.8209027777778,16.2,9.83,9.5224375,14.43,5.962,NA,NA,NA,12.6539201388889,17.0225,8.9283,9.81183194444444,16.735,4.9515,NA,NA,NA,16.632671875,28.315,7.1553,9.76302395833333,16.907,3.6121,5.78240333333333,16.43,1.2857
"281",281,12.8071180555556,16.16,9.87,9.59269097222222,13.68,6.284,NA,NA,NA,12.6633138888889,16.7,8.9975,9.976934375,16.01,5.2387,NA,NA,NA,17.4011496527778,27.7192,8.6796,9.71191284722222,15.5354,2.9416,8.20164491525424,15.72,0.38671
"282",282,12.7582638888889,15.84,10.1,9.60912152777778,13.06,6.748,NA,NA,NA,12.6114677083333,16.3225,9.0225,9.94567986111111,15.6225,5.2192,NA,NA,NA,17.9116989583333,26.2829,11.6626,8.632659375,16.1682,2.4581,10.9723333333333,16.334,5.42
"283",283,12.8201041666667,15.5,10.4,9.28265972222222,12.74,6.633,NA,NA,NA,12.6997184027778,15.9875,9.3912,9.62438055555556,16.395,4.8555,NA,NA,NA,17.0617180555556,27.6807,5.0596,7.41347291666667,16.9711,2.4122,13.06355,19.4401,7.31
"284",284,12.5321875,15.46,9.93,9.07919791666667,12.91,5.76,NA,NA,NA,12.3854173611111,16.2875,9.0775,9.344884375,15.68,4.252,NA,NA,NA,16.5365885416667,28.8041,3.5672,8.24089548611111,18.7763,1.9424,11.7716114583333,17.8756,5.36
"285",285,12.4298263888889,15.7,9.71,8.63642013888889,12.92,6.219,NA,NA,NA,12.31681875,16.4825,8.97,8.74127291666667,15.7525,3.4302,NA,NA,NA,16.7721385416667,27.7791,7.5926,7.70436872569444,18.6094,0.098453,10.28100625,15.682,4.77
"286",286,12.3476736111111,15.66,9.78,8.81465972222222,12.61,6.274,NA,NA,NA,12.1744864583333,16.635,8.105,9.12174930555556,15.82,2.478,NA,NA,NA,15.7712652777778,28.0814,7.7854,9.873346875,16.221,2.7382,10.1290927083333,16.8929,3.19
"287",287,12.2263541666667,15.95,9.21,9.08083333333333,12.21,6.657,NA,NA,NA,12.0925753472222,16.9975,7.9392,9.11850347222222,15.4775,4.4407,NA,NA,NA,15.2654131944444,27.9982,6.7507,10.5135225694444,15.0799,5.3308,10.8048979166667,16.9483,4.72
"288",288,12.1369791666667,16.18,8.95,9.10990972222222,11.55,6.764,NA,NA,NA,12.0196805555556,17.0375,7.9075,9.31496770833333,14.16,4.7983,NA,NA,NA,15.3335038194444,26.7268,5.9963,9.50323472222222,14.0758,3.4258,11.3054854166667,14.97,6.58
"289",289,12.1302430555556,16.11,9,8.51754861111111,11.46,5.286,NA,NA,NA,12.0362753472222,16.9425,6.8093,8.510334375,13.3575,2.997,NA,NA,NA,16.2588899305556,24.58,8.7788,8.28638208680556,16.3889,-1.8269,10.0813041666667,15.09,4.5117
"290",290,12.2787152777778,16.06,9.33,8.10194791666667,11.79,5.16,NA,NA,NA,12.2597597222222,17.6175,8.2248,8.11152569444444,14.3375,3.3485,NA,NA,NA,16.4652395833333,24.2971,9.7334,7.84564172118056,15.7444,-1.6455,8.76880416666667,15.52,4.61
"291",291,12.4363541666667,16.02,9.74,8.38687152777778,11.66,5.728,NA,NA,NA,12.40474375,17.17,8.6327,8.46707256944445,12.77,3.5155,NA,NA,NA,15.9386145833333,24.4396,9.7509,9.07138488020833,16.1963,-0.93638,6.95140729166667,13.98,2.2
"292",292,12.4038461538462,15.64,10.02,8.74463888888889,11.27,6.067,NA,NA,NA,12.3328857692308,15.865,9.3625,8.92108576388889,13.0175,4.3978,NA,NA,NA,15.4323219230769,23.8259,9.7107,10.539671875,16.7457,2.6227,4.53976915625,12.83,-0.76
"293",293,12.2439179104478,14.66,10.25,9.26751736111111,11.21,6.845,NA,NA,NA,12.1476145522388,15.095,9.335,9.47848923611111,13.26,5.3578,NA,NA,NA,16.0142089552239,27.0955,7.7372,11.3994361111111,17.9909,2.7706,3.52447303020833,10.94,-1.13
"294",294,12.0963194444444,14.64,10.25,9.43267361111111,10.69,8.2,NA,NA,NA,12.0123583333333,15.245,9.125,9.69804618055556,13.11,6.3847,NA,NA,NA,14.5834114583333,25.4552,7.2499,12.1202447916667,16.4079,4.0934,4.1635578125,13.36,-1.39
"295",295,11.7761458333333,14.34,9.34,9.45100694444444,10.38,8.17,NA,NA,NA,11.6543270833333,14.8425,8.5365,9.62821423611111,15.2225,6.872,NA,NA,NA,14.0756951388889,23.6948,4.7529,11.2259100347222,15.7754,-3.2658,6.04253958333333,15.18,-1.73
"296",296,11.6920138888889,13.96,9.15,9.13249305555556,11.41,6.28,NA,NA,NA,11.5836986111111,14.415,8.5117,9.20918958333333,12.9075,4.3375,NA,NA,NA,15.2663347222222,24.2859,8.0715,10.2347784722222,17.2366,-3.624,7.965946875,15.71,1.8159
"297",297,11.6990277777778,13.34,9.57,8.98020833333333,11.38,5.822,NA,NA,NA,11.5995663194444,13.93,8.7692,9.11969965277778,13.1103,4.4605,NA,NA,NA,16.1505142361111,24.8182,4.4957,9.22335628472222,16.779,-2.9733,9.45877708333333,18.97,4.7488
"298",298,11.7550191570881,13.28,10.4,8.15221527777778,11.21,5.593,NA,NA,NA,11.7053800766284,13.9025,9.7975,8.07672534722222,12.54,3.8012,NA,NA,NA,17.8658107279694,26.9269,5.0038,7.19737584722222,15.7189,-1.7861,9.615559375,18.97,5.4974
"299",299,11.7921348314607,13.52,9.52,7.35994444444444,10.67,5.192,NA,NA,NA,11.759402247191,14.525,8.78,7.11763506944444,12.2375,3.111,NA,NA,NA,16.8493524344569,26.0395,4.2137,5.36750225694444,11.3956,-3.8785,8.4625125,16.96,2.78
"300",300,11.4595,13.79,9.13,6.80405555555556,9.46,4.917,NA,NA,NA,11.3443019230769,14.23,8.705,6.45878333333333,10.9805,1.9585,NA,NA,NA,14.9482992307692,25.1131,5.291,6.77143444444444,13.1248,-3.5797,8.35176666666667,15.75,1.64
"301",301,11.3129850746269,13.25,9.22,6.88021527777778,10.13,3.487,NA,NA,NA,11.2090708955224,14.0675,8.8,6.62484409722222,12.4825,1.4658,NA,NA,NA,15.3931268656716,24.6964,6.6327,8.85725555555556,11.98,5.4218,9.615384375,15.23,5.28
"302",302,11.2637256944444,13.22,7.759,7.15206944444444,10.67,4.302,NA,NA,NA,11.1264708333333,14.315,5.8335,6.97971944444444,13.5275,1.2692,NA,NA,NA,14.0398941319444,25.378,0.73238,7.37422640625,14.43,-0.66536,6.82113177083333,15.13,0.28445
"303",303,10.7980538461538,13.4,7.519,7.09220138888889,11.43,4.815,NA,NA,NA,10.62512,13.995,6.4045,6.81685972222222,12.5225,2.0347,NA,NA,NA,13.3592376923077,23.9073,1.3892,4.05797901388889,16.63,-3.9992,4.929416875,14.72,-1.0691
"304",304,10.7425875,12.4,7.599,6.69567708333333,11.45,4.71,NA,NA,NA,10.6105970833333,12.925,6.6925,6.36263055555556,13.64,2.9115,NA,NA,NA,13.86578875,23.9562,2.5378,5.61061255902778,16.49,-4.6061,7.45261927710843,13.0005,1.99
"305",305,10.8646679104478,12.39,7.715,6.50384027777778,11.1,4.761,NA,NA,NA,10.687422761194,13.255,7.0825,6.23863611111111,14.035,1.1205,NA,NA,NA,13.1749309701493,21.815,5.1583,7.02570486111111,14.1,-3.8902,8.48360588235294,13.8444,0.06
"306",306,10.3381,12.4,7.72,6.55870833333333,10.59,5.006,NA,NA,NA,10.0962026923077,13.0475,7.057,6.25587951388889,12.0925,1.9675,NA,NA,NA,12.4504919230769,21.3969,1.6847,5.98764004618056,12.5977,-4.4054,6.34883854166667,12.3585,-1.65
"307",307,10.3025746268657,12.67,8.34,6.17415625,8.5,5.172,NA,NA,NA,10.1418108208955,13.0875,7.8175,5.7993375,10.5612,3.0488,NA,NA,NA,10.4558675373134,19.6514,2.1168,2.11255708333333,13.1697,-6.9715,2.85216516666667,8.42,-2.54
"308",308,9.89351931330472,11.47,8.19,5.92563888888889,8.71,4.825,NA,NA,NA,9.68583948497854,12.13,7.8505,5.590278125,11.085,2.7748,NA,NA,NA,8.5958235042735,16.6787,2.0512,4.12700371875,12.6159,-8.0366,-1.92932916666667,7.85,-5.7768
"309",309,9.7796803652968,11.06,8.14,5.82496527777778,8.6,3.161,NA,NA,NA,9.61966438356164,11.2725,7.6673,5.35761041666667,10.955,1.4583,NA,NA,NA,10.1596319634703,21.043,4.2594,7.35950385416667,13.2402,-4.7927,-1.554846875,10.62,-9.1452
"310",310,9.77555223880597,11.38,7.559,6.07515277777778,9.35,3.137,NA,NA,NA,9.60307089552239,11.8225,7.064,5.58154583333333,12.5925,1.4555,NA,NA,NA,11.4990355805243,20.8467,0.60461,9.96640060416667,15.7266,-1.2944,-0.276471135416667,9.65,-8.5159
"311",311,9.74086805555556,12,7.613,6.82818402777778,9.62,5.05,NA,NA,NA,9.57475104166667,12.695,7.0015,6.16696215277778,11.42,2.5575,NA,NA,NA,12.7840659722222,23.1674,3.2684,8.89683706597222,14.8662,-2.4466,2.57574364583333,9.08,-2.1388
"312",312,9.89805902777778,12.35,7.636,6.65779513888889,9.76,3.404,NA,NA,NA,9.744390625,12.6525,6.4597,6.30413628472222,10.5325,0.85825,NA,NA,NA,13.9594225694444,24.2111,5.5332,6.86593673611111,14.7299,-5.4162,4.98449375,8.0577,0.82
"313",313,9.98875384615385,12.56,7.55,6.33895833333333,9.66,3.14,NA,NA,NA,9.86524769230769,13.6275,6.0658,6.00267951388889,12.5125,1.7178,NA,NA,NA,14.2719942307692,22.9465,8.2655,7.22142376736111,14.3041,-5.5695,4.57178020833333,12.52,1.6
"314",314,10.0719402985075,12.36,8.07,6.04142013888889,8.14,3.059,NA,NA,NA,9.86614701492537,12.7375,7.0095,5.59801371527778,10.029,0.38775,NA,NA,NA,13.3228555970149,22.293,2.9651,5.72478638888889,14.1695,-1.0419,1.31262833333333,13.65,-6.6451
"315",315,10.0676223175966,11.8,7.123,5.76779166666667,7.788,3.019,NA,NA,NA,9.8696025751073,12.26,5.8662,5.50070798611111,9.4543,1.156,NA,NA,NA,12.9427312393162,22.8249,0.56079,4.27173670138889,14.2013,-2.4949,-0.152288541666667,11.84,-10.3706
"316",316,9.7621,11.83,6.758,5.42564335664336,7.238,2.192,NA,NA,NA,9.56313272727273,12.6875,5.685,5.24940804195804,8.3812,1.0265,NA,NA,NA,12.834839813242,22.2959,-0.49982,0.511705194755245,7.7107,-7.6922,2.70089135416667,11.2,-5.5163
"317",317,8.84944843049327,11.98,5.697,5.628125,7.307,4.441,NA,NA,NA,8.67138609865471,12.365,5.1457,5.244845,8.2498,2.553,NA,NA,NA,11.2343962791667,21.6161,-2.8373,1.5351216125,6.3922,-7.6396,4.860909375,9.87,1.2044
"318",318,8.91980633802817,11.95,5.381,5.691925,7.791,4.187,NA,NA,NA,8.80194507042254,13.0725,4.7775,5.26192291666667,9.2618,1.4013,NA,NA,NA,11.4478397003745,20.1236,2.1138,3.49457833333333,11.7223,-6.5142,5.4121875,8.58,3.1131
"319",319,8.45468981481481,12.07,5.828,6.1486875,8.78,4.929,NA,NA,NA,8.22022314814815,12.6725,4.7397,5.80178833333333,11.045,2.8295,NA,NA,NA,11.8246412017167,18.8293,6.2482,4.77118733333333,15.1387,-4.6145,5.32083020833333,12.21,1.15
"320",320,8.94006818181818,11.31,6.629,6.1589,8.98,4.516,NA,NA,NA,8.79098333333333,12.105,5.697,5.84999541666667,12.13,2.9478,NA,NA,NA,11.2652546153846,20.2814,0.39652,3.26834477791667,13.6663,-6.2846,3.31344533333333,15.01,-7.035
"321",321,9.16460769230769,11.48,6.601,5.44472916666667,8.76,3.12,NA,NA,NA,9.00865269230769,11.985,5.8817,5.17133208333333,9.5998,1.6235,NA,NA,NA,10.5483528850575,19.2711,-0.26589,4.0545599625,11.2208,-4.884,-1.15296770833333,12.8,-11.8459
"322",322,9.330375,11.23,7.799,4.9922875,8.23,3.093,NA,NA,NA,9.22554125,11.735,7.1315,4.5631775,9.0805,1.346,NA,NA,NA,9.12251208333333,16.033,5.2064,5.92130853333333,10.4105,-2.1592,1.65457625,8.5615,-4.92
"323",323,8.57639436619718,10.64,5.884,5.14044583333333,8.08,3.085,NA,NA,NA,8.42037699530516,10.93,5.346,4.84135708333333,9.5753,1.2415,NA,NA,NA,8.7780320754717,16.6295,1.4338,8.06063833333333,12.3637,1.1635,4.34370240963855,10.2773,-7.72
"324",324,7.92624431818182,9.21,6.227,5.45220833333333,7.742,3.247,NA,NA,NA,7.71878977272727,9.365,5.8085,5.11682625,8.8115,1.3583,NA,NA,NA,10.2802943005181,16.0006,5.6394,6.14704047916667,11.8034,-1.6128,7.18425764705882,12.0439,3.68
"325",325,8.50746007604563,9.56,6.841,5.3081625,7.056,3.828,NA,NA,NA,8.45783422053232,10.08,6.2395,5.21664083333333,8.4375,1.754,NA,NA,NA,10.4919918699187,16.7564,4.9026,6.70245208333333,11.8955,1.2666,6.808590625,12.619,2.78
"326",326,8.80163354037267,9.93,7.374,5.59724583333333,7.081,3.764,NA,NA,NA,8.84038322981366,10.4325,7.0945,5.52441083333333,8.951,1.3542,NA,NA,NA,12.2037927374302,19.4284,4.6053,7.38595558333333,13.9763,-2.9359,5.89870625,12.63,1.24
"327",327,8.92509417040359,10.42,7.766,5.97700833333333,7.541,3.611,NA,NA,NA,8.92045112107623,10.7625,7.03,5.99027375,9.3615,1.1655,NA,NA,NA,12.2005765853659,24.2689,3.1401,7.78898520833333,15.1478,-5.7541,5.67506041666667,14.3,-3.44
"328",328,9.17276595744681,10.67,8.09,5.83164705882353,7.896,2.84,NA,NA,NA,9.10138723404255,11.235,7.5777,5.77743031674208,9.5282,1.8005,NA,NA,NA,11.913,22.7257,2.7656,9.00129502262443,14.2955,3.8801,4.83710652173913,12.84,-4.75
"329",329,8.825245,10.65,7.182,5.48783854166667,7.754,2.817,NA,NA,NA,8.682221,11.0875,6.9112,5.34195625,9.0798,1.3862,NA,NA,NA,11.4034477386935,19.3938,3.4675,6.96110317708333,11.7607,-2.3006,1.58127001041667,12.1,-5.22
"330",330,8.40807042253521,10.55,6.807,5.8730612244898,7.555,2.932,NA,NA,NA,8.22792077464789,10.825,6.0743,5.72365850340136,8.9308,1.3725,NA,NA,NA,9.62814298689139,24.0569,-0.81474,5.14669578231292,12.3356,-6.7886,-1.39948854166667,11.81,-11.6699
"331",331,8.58663362068966,10.62,6.383,5.29231944444444,6.739,1.754,NA,NA,NA,8.45342025862069,11.325,5.8503,4.92472986111111,7.911,1.0805,NA,NA,NA,12.5131263675214,22.2962,-3.1653,2.28218425,8.7416,-9.4292,-2.47520729166667,9.44,-12.1218
"332",332,8.28367156862745,10.56,5.5,4.15954166666667,6.63,1.77,NA,NA,NA,8.07087009803922,10.7025,5.0092,3.88486805555556,9.0505,-0.37725,NA,NA,NA,10.1115610684932,21.0169,-1.2382,1.41432847222222,8.0809,-11.4192,-5.11141894736842,5.65,-10.817
"333",333,8.33768421052632,9.7,5.398,3.96995138888889,6.286,2.035,NA,NA,NA,8.15534254385965,10.4175,5.013,3.63945868055556,6.9853,0.225,NA,NA,NA,9.26179431603774,19.717,-0.072896,-0.222580079166667,3.868,-4.176,-5.80994583333333,6.76,-11.8235
"334",334,7.94105909090909,9.48,4.894,3.49564583333333,4.728,2.381,NA,NA,NA,7.84166,9.9275,4.502,3.29523715277778,5.6647,0.64025,NA,NA,NA,9.08284109863636,18.5878,-0.68441,-1.32069430555556,5.5146,-7.2477,-2.896225,8,-9.1354
"335",335,7.45248333333333,9.45,4.633,3.38854861111111,4.186,2.724,NA,NA,NA,7.36234708333333,9.7325,4.1158,3.248096875,5.3403,0.92075,NA,NA,NA,8.34207991631799,14.3675,1.0113,1.03842317916667,7.3009,-7.1403,-0.466225729166667,7.33,-5.78
"336",336,7.165375,9.61,4.571,3.34221126760563,4.009,3.059,NA,NA,NA,7.08591517857143,9.9125,4.1865,3.12370985915493,5.1843,1.3045,NA,NA,NA,8.39953858921162,14.6892,2.5757,0.0857041197183099,7.1375,-9.1556,0.616515729166667,6.95,-4.04
"337",337,7.21909507042253,9.34,4.75,3.38234375,3.451,3.273,NA,NA,NA,7.11627605633803,9.77,4.1948,3.289975,4.6627,1.7717,NA,NA,NA,9.35834906367041,18.2142,2.0891,-1.47168375,4.066,-9.8328,1.86372208333333,6.869,-4.92
"338",338,7.35529098360656,9.63,5.437,3.46881012658228,3.593,3.362,NA,NA,NA,7.24828606557377,10.2775,4.6593,3.28366835443038,4.7602,1.4888,NA,NA,NA,8.29870822988506,16.0217,-0.38942,-1.26744106329114,1.3032,-3.4766,0.16026875,5.5392,-8.89
"339",339,7.5505,9.67,5.495,3.56066666666667,3.611,3.531,NA,NA,NA,7.37357282608696,9.91,4.8957,3.33054375,5.1608,1.9225,NA,NA,NA,5.79319203243243,12.413,-2.1049,-5.17215,-2.9779,-6.4717,-1.3626009375,8.32,-5.57
"340",340,7.34202049180328,9.81,4.844,3.5728,3.592,3.555,NA,NA,NA,7.18224672131148,10.2825,4.526,3.39686,4.8868,2.2745,NA,NA,NA,7.46552570442478,16.4174,-4.8989,-6.56466,-5.845,-6.9636,2.04874601145833,7.96,-5.69
"341",341,6.5423606557377,9.73,4.077,NA,NA,NA,NA,NA,NA,6.3546,10.4175,3.7283,NA,NA,NA,NA,NA,NA,7.67343517241379,15.6017,-4.5657,NA,NA,NA,3.40896105263158,8.44,0.37
"342",342,6.91343359375,9.85,3.99,NA,NA,NA,NA,NA,NA,6.6803015625,10.21,3.5532,NA,NA,NA,NA,NA,NA,7.0505427875,15.5771,-3.167,NA,NA,NA,3.09254270833333,8.5666,-4.44
"343",343,6.46419196428571,9.7,3.798,NA,NA,NA,NA,NA,NA,6.2293,9.9225,3.1255,NA,NA,NA,NA,NA,NA,5.56600805416667,16.7827,-6.9995,NA,NA,NA,4.62413333333333,11.3406,-5.67
"344",344,6.89969651741294,9.61,3.749,NA,NA,NA,NA,NA,NA,6.57935721393035,10.21,3.4052,NA,NA,NA,NA,NA,NA,8.1991688172043,17.7016,-5.7417,NA,NA,NA,5.92716041666667,10.7643,-4.41
"345",345,6.46723225806452,9.04,3.494,NA,NA,NA,NA,NA,NA,6.12585483870968,8.9002,3.0732,NA,NA,NA,NA,NA,NA,9.37721864705882,18.2973,0.84767,NA,NA,NA,3.42524812048193,9.67,-3.5803
"346",346,6.71887559808612,9.23,3.468,NA,NA,NA,NA,NA,NA,6.60983540669856,9.86,3.2495,NA,NA,NA,NA,NA,NA,10.4474310880829,16.7613,3.2545,NA,NA,NA,-1.36940317647059,10.52,-8.1069
"347",347,5.92473469387755,9.16,3.402,NA,NA,NA,NA,NA,NA,5.73545238095238,9.58,3.1447,NA,NA,NA,NA,NA,NA,10.9129219512195,17.5666,6.6049,NA,NA,NA,-1.0907487804878,11.45,-9.6457
"348",348,6.33339310344828,8.47,3.425,NA,NA,NA,NA,NA,NA,6.06345172413793,8.755,3.2997,NA,NA,NA,NA,NA,NA,9.02520528965517,18.054,0.012417,NA,NA,NA,2.48976329411765,13.7,-6.1514
"349",349,5.61350862068966,8.4,3.316,NA,NA,NA,NA,NA,NA,5.36913965517241,8.739,3.068,NA,NA,NA,NA,NA,NA,9.74383335344828,20.6056,-0.57756,NA,NA,NA,0.156919117647059,12.23,-12.0601
"350",350,5.74692086330935,6.73,3.517,NA,NA,NA,NA,NA,NA,5.51862374100719,6.9167,3.3087,NA,NA,NA,NA,NA,NA,9.41957691056911,20.2402,-2.3664,NA,NA,NA,6.89885714285714,10.87,2.03
"351",351,5.94071974522293,8.59,4.018,NA,NA,NA,NA,NA,NA,5.63583566878981,9.13,2.9592,NA,NA,NA,NA,NA,NA,7.77671126744186,21.9216,-3.7561,NA,NA,NA,-0.0438136129032258,7.23,-5.6067
"352",352,6.09661413043478,9.07,3.952,NA,NA,NA,NA,NA,NA,5.8865527173913,9.69,3.2545,NA,NA,NA,NA,NA,NA,5.84618682108434,20.81,-1.2763,NA,NA,NA,-0.133078786666667,7.47,-5.15
"353",353,5.39690833333333,7.381,3.785,NA,NA,NA,NA,NA,NA,5.1218975,7.8738,3.3365,NA,NA,NA,NA,NA,NA,7.87175378787879,19.2,2.1397,NA,NA,NA,3.43151361111111,9.16,0.20342
"354",354,5.9764880952381,7.986,3.83,NA,NA,NA,NA,NA,NA,5.75686488095238,7.85,3.124,NA,NA,NA,NA,NA,NA,6.23940373239437,13.0899,-2.8604,NA,NA,NA,-0.15511825,6.13,-5.6886
"355",355,6.06797826086957,7.139,5.47,NA,NA,NA,NA,NA,NA,5.75913586956522,7.4555,4.1523,NA,NA,NA,NA,NA,NA,5.36184226666667,12.4036,-0.092594,NA,NA,NA,-3.36254470588235,6.37,-10.03
"356",356,5.16705217391304,6.16,4.482,NA,NA,NA,NA,NA,NA,4.93518782608696,6.103,3.64,NA,NA,NA,NA,NA,NA,5.72840134146341,16.1691,-2.0586,NA,NA,NA,-1.32979638554217,8.24,-11.82
"357",357,5.79192385786802,7.695,4.223,NA,NA,NA,NA,NA,NA,5.57454314720812,8.2308,2.307,NA,NA,NA,NA,NA,NA,7.5161575,15.4967,2.3844,NA,NA,NA,0.430958352941176,6.47,-2.7949
"358",358,5.42132258064516,7.669,4.082,NA,NA,NA,NA,NA,NA,5.14008709677419,8.24,2.6707,NA,NA,NA,NA,NA,NA,7.76580371951219,15.22,0.55712,NA,NA,NA,-0.827228125,6.47,-5.8775
"359",359,5.44153211009174,6.543,4.368,NA,NA,NA,NA,NA,NA,5.23409816513762,6.826,3.4935,NA,NA,NA,NA,NA,NA,8.86270186915888,15.0024,2.7485,NA,NA,NA,-3.43322291666667,7.31,-11.5166
"360",360,6.65551315789474,7.819,5.662,NA,NA,NA,NA,NA,NA,6.56763026315789,7.907,5.087,NA,NA,NA,NA,NA,NA,7.98755676470588,16.86,-0.48223,NA,NA,NA,-5.15509855072464,7.12,-13.5236
"361",361,5.49269918699187,6.784,4.059,NA,NA,NA,NA,NA,NA,5.26560406504065,7.5132,3.3338,NA,NA,NA,NA,NA,NA,4.56933858333333,15.29,-5.5226,NA,NA,NA,-3.74333333333333,7.98,-14.88
"362",362,5.34840740740741,6.741,3.913,NA,NA,NA,NA,NA,NA,5.16296402116402,6.809,3.048,NA,NA,NA,NA,NA,NA,6.08944167743902,17.95,-2.6335,NA,NA,NA,1.61714285714286,8.66,-8.35
"363",363,5.3502,7.1,3.633,NA,NA,NA,NA,NA,NA,5.15044666666667,7.5248,2.8335,NA,NA,NA,NA,NA,NA,6.94352692481203,17.5709,-1.7007,NA,NA,NA,-0.1344265625,10.76,-9.4552
"364",364,4.95911794871795,6.475,3.658,NA,NA,NA,NA,NA,NA,4.88567384615385,7.1742,3.3375,NA,NA,NA,NA,NA,NA,7.56757715231788,19.1964,-2.7011,NA,NA,NA,-0.61215,12.48,-10.6459
"365",365,4.97688095238095,6.54,3.397,NA,NA,NA,NA,NA,NA,4.80759107142857,7.0122,3.2313,NA,NA,NA,NA,NA,NA,8.81942468292683,19.5752,-2.5283,NA,NA,NA,1.09025416666667,11.19,-6.3355
